model	omega	E_kin	E_pot	U	eb1_1	eb2_1	eb3_1	eb4_1	mu	t	tb1_1	tb2_1	tb3_1	tb4_1	ave_mu	ave_t	ave_U_1	ave_eb1_1	ave_eb2_1	ave_eb3_1	ave_eb4_1	ave_mu_1	ave_t_1	ave_tb1_1	ave_tb2_1	ave_tb3_1	ave_tb4_1	E0_1	sector_1	n_1	githash	version	omegaH	script	time	
2L_4b_gen	1.947778	-0.98846362	2.0956864	4	1.3133194	-0.92430337	1.3133423	-0.92433447	1	1	0.42519886	0.42648984	0.42519751	0.42649277	0.8545273	-0.98846362	nan	nan	nan	nan	nan	0.95417136	-0.6931748	nan	nan	nan	nan	-7.0276575	R0:N6:S0:1	0.95417136	20a4d9d	v2.1.5	1.947778	general_bath_1D.py	2023-07-26@10:27
2L_4b_gen	0.5341705	-1.0122126	0.30392968	4	0.34425025	-0.22826326	0.33567561	-0.23152424	1	1	0.27867343	0.34684221	0.27803767	0.34687955	0.85740975	-1.0122126	nan	nan	nan	nan	nan	0.77676563	-0.48716433	nan	nan	nan	nan	-4.2240713	R0:N6:S0:1	0.77676563	20a4d9d	v2.1.5	0.5341705	general_bath_1D.py	2023-07-26@10:28
2L_4b_gen	0.53258796	-1.0248072	-2.3094243	4	0.28510666	-0.20306812	0.28697035	-0.20396961	1	1	0.32673778	0.32493747	0.32710927	0.32525811	0.86794902	-1.0248072	nan	nan	nan	nan	nan	0.88730235	-0.58689903	nan	nan	nan	nan	-4.2267934	R0:N6:S0:1	0.88730235	20a4d9d	v2.1.5	0.53258796	general_bath_1D.py	2023-07-26@10:28
2L_4b_gen	0.54663146	-1.036766	0.31132468	4	0.27828053	-0.20681143	0.28016361	-0.20508808	1	1	0.32922923	0.33263687	0.32906272	0.33276293	0.85610419	-1.036766	nan	nan	nan	nan	nan	0.87046668	-0.59274283	nan	nan	nan	nan	-4.2541954	R0:N6:S0:1	0.87046668	20a4d9d	v2.1.5	0.54663146	general_bath_1D.py	2023-07-26@10:28
2L_4b_gen	0.51759663	-1.0199804	-0.65899349	4	0.32776674	-0.19399809	0.31893502	-0.19332135	1	1	0.34863872	0.31700819	0.34764661	0.31565488	0.86005983	-1.0199804	nan	nan	nan	nan	nan	0.8781986	-0.59782326	nan	nan	nan	nan	-4.1952325	R0:N6:S0:1	0.8781986	20a4d9d	v2.1.5	0.51759663	general_bath_1D.py	2023-07-26@10:29
2L_4b_gen	0.52365913	-1.0074666	0.29820949	4	0.37355321	-0.20355053	0.36858154	-0.20215086	1	1	0.34081322	0.3255314	0.34001193	0.32480076	0.85994549	-1.0074666	nan	nan	nan	nan	nan	0.88706675	-0.59190154	nan	nan	nan	nan	-4.200753	R0:N6:S0:1	0.88706675	20a4d9d	v2.1.5	0.52365913	general_bath_1D.py	2023-07-26@10:29
2L_4b_gen	0.54188345	-1.0156203	-0.081168169	4	0.39172191	-0.20971864	0.39058216	-0.20887756	1	1	0.34679391	0.3314819	0.34651928	0.33124215	0.85427205	-1.0156203	nan	nan	nan	nan	nan	0.88557575	-0.60356165	nan	nan	nan	nan	-4.2414778	R0:N6:S0:1	0.88557575	20a4d9d	v2.1.5	0.54188345	general_bath_1D.py	2023-07-26@10:30
2L_4b_gen	0.53382915	-1.0137071	-1.2838207	4	0.33875549	-0.20671414	0.33498968	-0.20533361	1	1	0.33770019	0.32402971	0.33703855	0.32341073	0.86574486	-1.0137071	nan	nan	nan	nan	nan	0.88984139	-0.59805281	nan	nan	nan	nan	-4.2280159	R0:N6:S0:1	0.88984139	20a4d9d	v2.1.5	0.53382915	general_bath_1D.py	2023-07-26@10:30
2L_4b_gen	0.53219625	-0.99267111	0.29324138	4	0.3786144	-0.2090663	0.37496075	-0.20784647	1	1	0.33126998	0.33716351	0.33059628	0.33666596	0.85100157	-0.99267111	nan	nan	nan	nan	nan	0.88759995	-0.58408886	nan	nan	nan	nan	-4.2266687	R0:N6:S0:1	0.88759995	20a4d9d	v2.1.5	0.53219625	general_bath_1D.py	2023-07-26@10:30
2L_4b_gen	0.4877169	-1.0039971	-1.4975487	4	0.35696008	-0.18467673	0.35416903	-0.18604677	1	1	0.33589673	0.32366027	0.33588094	0.32349882	0.86123459	-1.0039971	nan	nan	nan	nan	nan	0.89173811	-0.58961348	nan	nan	nan	nan	-4.1383116	R0:N6:S0:1	0.89173811	20a4d9d	v2.1.5	0.4877169	general_bath_1D.py	2023-07-26@10:31
2L_4b_gen	0.51053622	-1.0039592	0.30006615	4	0.37530353	-0.19859681	0.37396814	-0.1986898	1	1	0.33828554	0.32947651	0.33816397	0.3293428	0.84433053	-1.0039592	nan	nan	nan	nan	nan	0.77724258	-0.4825215	nan	nan	nan	nan	-4.1850536	R0:N6:S0:1	0.77724258	20a4d9d	v2.1.5	0.51053622	general_bath_1D.py	2023-07-26@10:31
2L_4b_gen	0.49482539	-1.0139583	0.30218553	4	0.31859407	-0.18370812	0.31848872	-0.18345364	1	1	0.35451137	0.30145756	0.35446505	0.30140857	0.85674544	-1.0139583	nan	nan	nan	nan	nan	0.8716	-0.59032512	nan	nan	nan	nan	-4.1508207	R0:N6:S0:1	0.8716	20a4d9d	v2.1.5	0.49482539	general_bath_1D.py	2023-07-26@10:32
2L_4b_gen	0.51051792	-0.99179947	-1.566738	4	0.38559558	-0.19727834	0.38280223	-0.19635939	1	1	0.34689414	0.32189825	0.34645366	0.32143746	0.85715133	-0.99179947	nan	nan	nan	nan	nan	0.88694649	-0.59033708	nan	nan	nan	nan	-4.1870597	R0:N6:S0:1	0.88694649	20a4d9d	v2.1.5	0.51051792	general_bath_1D.py	2023-07-26@10:32
2L_4b_gen	0.51166623	-1.0033972	0.29630582	4	0.37706355	-0.20092361	0.37644071	-0.20155973	1	1	0.33677479	0.31970912	0.33681427	0.31973405	0.86385743	-1.0033972	nan	nan	nan	nan	nan	0.8952001	-0.59857672	nan	nan	nan	nan	-4.1836347	R0:N6:S0:1	0.8952001	20a4d9d	v2.1.5	0.51166623	general_bath_1D.py	2023-07-26@10:32
2L_4b_gen	0.52447562	-1.0168523	0.29848808	4	0.34863591	-0.20547952	0.34781824	-0.20409521	1	1	0.33011542	0.32915779	0.32976637	0.32890134	0.85708135	-1.0168523	nan	nan	nan	nan	nan	0.88759997	-0.59825912	nan	nan	nan	nan	-4.2047373	R0:N6:S0:1	0.88759997	20a4d9d	v2.1.5	0.52447562	general_bath_1D.py	2023-07-26@10:33
2L_4b_gen	0.49973617	-1.0047842	0.28741842	4	0.35021428	-0.18881455	0.34303027	-0.18716874	1	1	0.34131651	0.3238719	0.34030299	0.32278195	0.85872618	-1.0047842	nan	nan	nan	nan	nan	0.88780001	-0.58212066	nan	nan	nan	nan	-4.1591007	R0:N6:S0:1	0.88780001	20a4d9d	v2.1.5	0.49973617	general_bath_1D.py	2023-07-26@10:33
2L_4b_gen	0.51683746	-1.0319969	-0.62626371	4	0.29359155	-0.19646005	0.29073754	-0.1950317	1	1	0.33465013	0.31902605	0.33413314	0.31847672	0.85833225	-1.0319969	nan	nan	nan	nan	nan	0.87459996	-0.59785596	nan	nan	nan	nan	-4.1968072	R0:N6:S0:1	0.87459996	20a4d9d	v2.1.5	0.51683746	general_bath_1D.py	2023-07-26@10:34
2L_4b_gen	0.49241003	-1.0233592	-0.8066739	4	0.36486427	-0.18482331	0.35809954	-0.18455164	1	1	0.34964094	0.31757483	0.34892926	0.31665837	0.85243905	-1.0233592	nan	nan	nan	nan	nan	0.88046346	-0.6070889	nan	nan	nan	nan	-4.146225	R0:N6:S0:1	0.88046346	20a4d9d	v2.1.5	0.49241003	general_bath_1D.py	2023-07-26@10:34
2L_4b_gen	0.49241003	-1.0233592	-0.8066739	4	0.36486427	-0.18482331	0.35809954	-0.18455164	1	1	0.34964094	0.31757483	0.34892926	0.31665837	0.85243905	-1.0233592	nan	nan	nan	nan	nan	0.88046346	-0.6070889	nan	nan	nan	nan	-4.146225	R0:N6:S0:1	0.88046346	20a4d9d	v2.1.5	0.49241003	general_bath_1D.py	2023-07-26@10:34
2L_4b_gen	0.49280201	-1.0260033	0.32816339	4	0.36985667	-0.18596701	0.36357662	-0.18726046	1.1	1	0.34399558	0.31907524	0.34355838	0.31850945	0.87252873	-1.0260033	nan	nan	nan	nan	nan	0.89439991	-0.61450574	nan	nan	nan	nan	-4.320088	R0:N6:S0:1	0.89439991	20a4d9d	v2.1.5	0.49280201	general_bath_1D.py	2023-07-26@10:34
2L_4b_gen	0.57035213	-1.0101975	0.21738906	4	0.3915436	-0.22713682	0.39428934	-0.22645082	1.1	1	0.3426808	0.32988864	0.34285499	0.33009923	0.87304121	-1.0101975	nan	nan	nan	nan	nan	0.90146082	-0.60543313	nan	nan	nan	nan	-4.4760679	R0:N6:S0:1	0.90146082	20a4d9d	v2.1.5	0.57035213	general_bath_1D.py	2023-07-26@10:35
2L_4b_gen	0.5126901	-1.0164551	0.30282234	4	0.39633379	-0.20068232	0.39505985	-0.19936027	1.1	1	0.34052462	0.32331002	0.34016467	0.32298156	0.87719777	-1.0164551	nan	nan	nan	nan	nan	0.90733169	-0.61468412	nan	nan	nan	nan	-4.3586101	R0:N6:S0:1	0.90733169	20a4d9d	v2.1.5	0.5126901	general_bath_1D.py	2023-07-26@10:35
2L_4b_gen	0.54427372	-1.006792	-0.3303683	4	0.38817477	-0.21603036	0.38891244	-0.21514228	1.1	1	0.33174837	0.33264801	0.33166576	0.33259605	0.87625203	-1.006792	nan	nan	nan	nan	nan	0.90042564	-0.60805094	nan	nan	nan	nan	-4.4233303	R0:N6:S0:1	0.90042564	20a4d9d	v2.1.5	0.54427372	general_bath_1D.py	2023-07-26@10:36
2L_4b_gen	0.57226643	-0.99892259	-0.18512409	4	0.45324619	-0.23253457	0.45522308	-0.23232373	1.1	1	0.33794825	0.33963224	0.33811758	0.33977495	0.87505343	-0.99892259	nan	nan	nan	nan	nan	0.91633329	-0.61480114	nan	nan	nan	nan	-4.483999	R0:N6:S0:1	0.91633329	20a4d9d	v2.1.5	0.57226643	general_bath_1D.py	2023-07-26@10:36
2L_4b_gen	0.53645382	-0.95775622	0.27967771	4	0.4173982	-0.21205202	0.41426073	-0.21155945	1.1	1	0.32552913	0.33477469	0.32506049	0.33445078	0.87896702	-0.95775622	nan	nan	nan	nan	nan	0.86858223	-0.56680963	nan	nan	nan	nan	-4.3801588	R0:N6:S0:1	0.86858223	20a4d9d	v2.1.5	0.53645382	general_bath_1D.py	2023-07-26@10:36
2L_4b_gen	1.2585047	-1.0162332	1.0580461	4	0.64328152	-0.56044275	0.6432923	-0.56044473	1.1	1	0.39196034	0.39254084	0.39196498	0.39254383	0.87088869	-1.0162332	nan	nan	nan	nan	nan	0.91660032	-0.64706395	nan	nan	nan	nan	-5.8500731	R0:N6:S0:1	0.91660032	20a4d9d	v2.1.5	1.2585047	general_bath_1D.py	2023-07-26@10:37
2L_4b_gen	0.5172122	-1.0103324	-0.451554	4	0.41966789	-0.2112096	0.41479408	-0.20883499	1.1	1	0.324049	0.33360622	0.32302036	0.33287014	0.87330168	-1.0103324	nan	nan	nan	nan	nan	0.91886658	-0.62800156	nan	nan	nan	nan	-4.3655572	R0:N6:S0:1	0.91886658	20a4d9d	v2.1.5	0.5172122	general_bath_1D.py	2023-07-26@10:37
2L_4b_gen	0.5065241	-1.0154131	0.17035882	4	0.35559206	-0.20298957	0.34341903	-0.20130468	1.1	1	0.31427007	0.33320022	0.31237659	0.33202049	0.87568456	-1.0154131	nan	nan	nan	nan	nan	0.90472419	-0.61722302	nan	nan	nan	nan	-4.3454403	R0:N6:S0:1	0.90472419	20a4d9d	v2.1.5	0.5065241	general_bath_1D.py	2023-07-26@10:38
2L_4b_gen	0.53684224	-1.0069218	0.33595239	4	0.37033429	-0.21466758	0.37194764	-0.21227231	1.1	1	0.32678148	0.32805579	0.32654642	0.3278763	0.88244966	-1.0069218	nan	nan	nan	nan	nan	0.90933494	-0.61019265	nan	nan	nan	nan	-4.4017662	R0:N6:S0:1	0.90933494	20a4d9d	v2.1.5	0.53684224	general_bath_1D.py	2023-07-26@10:38
2L_4b_gen	0.53105407	-1.0235008	-0.49553423	4	0.4138452	-0.21368195	0.43096917	-0.21501759	1.1	1	0.32297687	0.34005423	0.32507298	0.34165472	0.86911006	-1.0235008	nan	nan	nan	nan	nan	0.91225639	-0.63208555	nan	nan	nan	nan	-4.3967765	R0:N6:S0:1	0.91225639	20a4d9d	v2.1.5	0.53105407	general_bath_1D.py	2023-07-26@10:38
2L_4b_gen	0.53501085	-0.98024081	0.28170943	4	0.37110358	-0.19799891	0.36314794	-0.19668221	1.1	1	0.32655003	0.32769559	0.32535694	0.32678873	0.84657208	-0.98024081	nan	nan	nan	nan	nan	0.81427302	-0.51812084	nan	nan	nan	nan	-4.3375646	R0:N6:S0:1	0.81427302	20a4d9d	v2.1.5	0.53501085	general_bath_1D.py	2023-07-26@10:39
2L_4b_gen	0.99838273	-1.0173146	0.31716628	4	0.32269654	-0.43217053	0.32270365	-0.4321906	1.1	1	0.36477604	0.32878854	0.36477862	0.32879451	0.90112115	-1.0173146	nan	nan	nan	nan	nan	0.90362951	-0.61142826	nan	nan	nan	nan	-5.3206544	R0:N6:S0:1	0.90362951	20a4d9d	v2.1.5	0.99838273	general_bath_1D.py	2023-07-26@10:39
2L_4b_gen	0.55049573	-0.99709184	-0.22605414	4	0.31589789	-0.22431059	0.32748839	-0.22750709	1.1	1	0.29546386	0.347599	0.29783235	0.34873069	0.8718799	-0.99709184	nan	nan	nan	nan	nan	0.80094072	-0.49702696	nan	nan	nan	nan	-4.4409862	R0:N6:S0:1	0.80094072	20a4d9d	v2.1.5	0.55049573	general_bath_1D.py	2023-07-26@10:40
2L_4b_gen	0.61382482	-1.0254994	0.32798699	4	0.30533693	-0.25096593	0.30544544	-0.25106489	1.1	1	0.32608597	0.32304135	0.32611902	0.32306369	0.88553321	-1.0254994	nan	nan	nan	nan	nan	0.90039998	-0.6138711	nan	nan	nan	nan	-4.5611676	R0:N6:S0:1	0.90039998	20a4d9d	v2.1.5	0.61382482	general_bath_1D.py	2023-07-26@10:40
2L_4b_gen	0.54719421	-1.0244337	-0.62900731	4	0.3492656	-0.21652812	0.35443507	-0.21676808	1.1	1	0.3229017	0.33465266	0.3235254	0.33519555	0.8790699	-1.0244337	nan	nan	nan	nan	nan	0.89680717	-0.61501321	nan	nan	nan	nan	-4.4242033	R0:N6:S0:1	0.89680717	20a4d9d	v2.1.5	0.54719421	general_bath_1D.py	2023-07-26@10:40
2L_4b_gen	0.59742986	-1.0028983	-0.45498638	4	0.43842975	-0.24015442	0.44159239	-0.24098697	1.1	1	0.34709635	0.33431362	0.34756486	0.33475514	0.87781738	-1.0028983	nan	nan	nan	nan	nan	0.90845959	-0.615715	nan	nan	nan	nan	-4.5252847	R0:N6:S0:1	0.90845959	20a4d9d	v2.1.5	0.59742986	general_bath_1D.py	2023-07-26@10:41
2L_4b_gen	0.53370961	-0.98648588	0.54937108	4	0.44695455	-0.21834292	0.44929877	-0.2165255	1.1	1	0.32884273	0.33556895	0.32876162	0.3354656	0.8744629	-0.98648588	nan	nan	nan	nan	nan	0.91566664	-0.60730669	nan	nan	nan	nan	-4.4048295	R0:N6:S0:1	0.91566664	20a4d9d	v2.1.5	0.53370961	general_bath_1D.py	2023-07-26@10:41
2L_4b_gen	0.52404172	-1.0060701	-1.8149171	4	0.43940557	-0.21291257	0.43750226	-0.21253427	1.1	1	0.32766937	0.33405975	0.32738595	0.33385347	0.87321015	-1.0060701	nan	nan	nan	nan	nan	0.9170499	-0.62712824	nan	nan	nan	nan	-4.3868905	R0:N6:S0:1	0.9170499	20a4d9d	v2.1.5	0.52404172	general_bath_1D.py	2023-07-26@10:42
2L_4b_gen	0.49893369	-1.0011272	0.9612236	4	0.38645765	-0.20324007	0.3802224	-0.20072717	1.1	1	0.31705177	0.33192551	0.31581114	0.33109048	0.86508525	-1.0011272	nan	nan	nan	nan	nan	0.90587039	-0.60915633	nan	nan	nan	nan	-4.3348968	R0:N6:S0:1	0.90587039	20a4d9d	v2.1.5	0.49893369	general_bath_1D.py	2023-07-26@10:42
2L_4b_gen	0.47199776	-1.0189827	0.36398708	4	0.37560536	-0.18263388	0.37276794	-0.18360618	1.1	1	0.33195745	0.31912803	0.33184103	0.3189609	0.87566292	-1.0189827	nan	nan	nan	nan	nan	0.91186923	-0.61599082	nan	nan	nan	nan	-4.2856376	R0:N6:S0:1	0.91186923	20a4d9d	v2.1.5	0.47199776	general_bath_1D.py	2023-07-26@10:42
2L_4b_gen	0.52313558	-1.0410034	0.33127005	4	0.26889592	-0.2075896	0.26880052	-0.20511037	1.1	1	0.31494428	0.32367369	0.31445243	0.32345147	0.8671555	-1.0410034	nan	nan	nan	nan	nan	0.89266667	-0.61075172	nan	nan	nan	nan	-4.3891355	R0:N6:S0:1	0.89266667	20a4d9d	v2.1.5	0.52313558	general_bath_1D.py	2023-07-26@10:43
2L_4b_gen	0.5058664	-1.0266076	0.33137815	4	0.2692487	-0.18565584	0.27650467	-0.19045474	1.1	1	0.33701925	0.30938318	0.33845769	0.31101543	0.88212912	-1.0266076	nan	nan	nan	nan	nan	0.8861142	-0.59994292	nan	nan	nan	nan	-4.3472891	R0:N6:S0:1	0.8861142	20a4d9d	v2.1.5	0.5058664	general_bath_1D.py	2023-07-26@10:43
2L_4b_gen	0.5905392	-1.0154368	0.28162381	4	0.38187552	-0.24389147	0.3812836	-0.23063311	1.1	1	0.33569591	0.33803044	0.33335104	0.33607819	0.87367561	-1.0154368	nan	nan	nan	nan	nan	0.90413132	-0.61243097	nan	nan	nan	nan	-4.5146599	R0:N6:S0:1	0.90413132	20a4d9d	v2.1.5	0.5905392	general_bath_1D.py	2023-07-26@10:44
2L_4b_gen	0.51294247	-1.01501	0.319918	4	0.35020287	-0.20258496	0.34843951	-0.19997784	1.1	1	0.32960099	0.32311076	0.3289456	0.32258189	0.87013982	-1.01501	nan	nan	nan	nan	nan	0.89333341	-0.61190206	nan	nan	nan	nan	-4.3599939	R0:N6:S0:1	0.89333341	20a4d9d	v2.1.5	0.51294247	general_bath_1D.py	2023-07-26@10:44
2L_4b_gen	0.5067386	-1.0176744	-0.24928001	4	0.38843159	-0.20778129	0.38803619	-0.20479559	1.1	1	0.33574129	0.32211288	0.33519561	0.3216382	0.86557481	-1.0176744	nan	nan	nan	nan	nan	0.93239996	-0.63920227	nan	nan	nan	nan	-4.3310387	R0:N6:S0:1	0.93239996	20a4d9d	v2.1.5	0.5067386	general_bath_1D.py	2023-07-26@10:44
2L_4b_gen	0.52265679	-1.0246215	0.3353586	4	0.38843159	-0.20778129	0.38803619	-0.20479559	1.2	1	0.33574129	0.32211288	0.33519561	0.3216382	0.90096008	-1.0246215	nan	nan	nan	nan	nan	0.92113256	-0.63225176	nan	nan	nan	nan	-4.5554808	R0:N6:S0:1	0.92113256	20a4d9d	v2.1.5	0.52265679	general_bath_1D.py	2023-07-26@10:45
2L_4b_gen	0.58616278	-0.99132425	0.29252825	4	0.46505513	-0.24341858	0.46764377	-0.24554426	1.2	1	0.32777335	0.3441727	0.32844844	0.34470038	0.88554486	-0.99132425	nan	nan	nan	nan	nan	0.93073265	-0.62024759	nan	nan	nan	nan	-4.6940397	R0:N6:S0:1	0.93073265	20a4d9d	v2.1.5	0.58616278	general_bath_1D.py	2023-07-26@10:45
2L_4b_gen	0.49775086	-1.0106868	0.41808008	4	0.38728003	-0.20185288	0.38501511	-0.20158259	1.2	1	0.31902977	0.3204397	0.31872185	0.32020455	0.90429406	-1.0106868	nan	nan	nan	nan	nan	0.93227143	-0.63063634	nan	nan	nan	nan	-4.5112702	R0:N6:S0:1	0.93227143	20a4d9d	v2.1.5	0.49775086	general_bath_1D.py	2023-07-26@10:46
2L_4b_gen	0.56063663	-1.0053074	0.21255131	4	0.44636446	-0.23319349	0.45074041	-0.23480545	1.2	1	0.31478487	0.3439091	0.31558093	0.34446432	0.88648895	-1.0053074	nan	nan	nan	nan	nan	0.92599906	-0.63082566	nan	nan	nan	nan	-4.6331144	R0:N6:S0:1	0.92599906	20a4d9d	v2.1.5	0.56063663	general_bath_1D.py	2023-07-26@10:46
2L_4b_gen	0.54949174	-1.0022445	-0.50645622	4	0.46832602	-0.22566831	0.47010507	-0.22492787	1.2	1	0.32782114	0.33831376	0.32787737	0.33832981	0.89668416	-1.0022445	nan	nan	nan	nan	nan	0.93373334	-0.63409272	nan	nan	nan	nan	-4.6142574	R0:N6:S0:1	0.93373334	20a4d9d	v2.1.5	0.54949174	general_bath_1D.py	2023-07-26@10:46
2L_4b_gen	0.5533864	-0.97684268	0.32372251	4	0.48622423	-0.23138795	0.49144088	-0.23157268	1.2	1	0.31780699	0.34223142	0.31839497	0.3426097	0.90305714	-0.97684268	nan	nan	nan	nan	nan	0.94660013	-0.63420324	nan	nan	nan	nan	-4.6212936	R0:N6:S0:1	0.94660013	20a4d9d	v2.1.5	0.5533864	general_bath_1D.py	2023-07-26@10:47
2L_4b_gen	0.5515073	-0.99245673	2.0694921	4	0.57361634	-0.24324011	0.57076589	-0.24247609	1.2	1	0.30333941	0.34989328	0.30287939	0.34963591	0.88975606	-0.99245673	nan	nan	nan	nan	nan	0.95120952	-0.65579873	nan	nan	nan	nan	-4.6244365	R0:N6:S0:1	0.95120952	20a4d9d	v2.1.5	0.5515073	general_bath_1D.py	2023-07-26@10:47
2L_4b_gen	0.52148942	-1.0115055	0.29620015	4	0.41354481	-0.22105395	0.41081809	-0.22002902	1.2	1	0.30360355	0.33104042	0.30306844	0.33071796	0.89840217	-1.0115055	nan	nan	nan	nan	nan	0.9283311	-0.64412192	nan	nan	nan	nan	-4.5524054	R0:N6:S0:1	0.9283311	20a4d9d	v2.1.5	0.52148942	general_bath_1D.py	2023-07-26@10:48
2L_4b_gen	0.58277467	-1.0104171	0.40684352	4	0.47235744	-0.24570586	0.47693613	-0.24720949	1.2	1	0.32661305	0.33485736	0.3273576	0.33545442	0.89031251	-1.0104171	nan	nan	nan	nan	nan	0.93307093	-0.64244123	nan	nan	nan	nan	-4.6892359	R0:N6:S0:1	0.93307093	20a4d9d	v2.1.5	0.58277467	general_bath_1D.py	2023-07-26@10:48
2L_4b_gen	0.51140917	-1.0126458	-0.86662432	4	0.37966516	-0.21550614	0.38173278	-0.21426345	1.2	1	0.3129232	0.33051675	0.31293012	0.33051191	0.88849366	-1.0126458	nan	nan	nan	nan	nan	0.95460863	-0.65192342	nan	nan	nan	nan	-4.5110428	R0:N6:S0:1	0.95460863	20a4d9d	v2.1.5	0.51140917	general_bath_1D.py	2023-07-26@10:48
2L_4b_gen	0.58910198	-1.0126809	-1.8948147	4	0.16316787	-0.24589289	0.15867052	-0.23706265	1.2	1	0.27709701	0.33026116	0.27436977	0.32972739	0.92426111	-1.0126809	nan	nan	nan	nan	nan	0.90683033	-0.59288456	nan	nan	nan	nan	-4.695603	R0:N6:S0:1	0.90683033	20a4d9d	v2.1.5	0.58910198	general_bath_1D.py	2023-07-26@10:49
2L_4b_gen	0.68498181	-0.99499373	0.33934433	4	0.56562787	-0.28913727	0.56261179	-0.28815726	1.2	1	0.34226585	0.36257638	0.34181642	0.36219979	0.90012153	-0.99499373	nan	nan	nan	nan	nan	0.95205596	-0.63822459	nan	nan	nan	nan	-4.8851482	R0:N6:S0:1	0.95205596	20a4d9d	v2.1.5	0.68498181	general_bath_1D.py	2023-07-26@10:49
2L_4b_gen	0.54134145	-1.0065999	-0.91272766	4	0.44694571	-0.22984228	0.44684158	-0.22813986	1.2	1	0.30260348	0.34593779	0.30222519	0.34567494	0.89400719	-1.0065999	nan	nan	nan	nan	nan	0.93848173	-0.64518047	nan	nan	nan	nan	-4.6020783	R0:N6:S0:1	0.93848173	20a4d9d	v2.1.5	0.54134145	general_bath_1D.py	2023-07-26@10:50
2L_4b_gen	0.52965642	-0.99415652	-0.49667883	4	0.42520405	-0.22218888	0.43070086	-0.22087876	1.2	1	0.30906881	0.33546668	0.30945299	0.3356378	0.89185925	-0.99415652	nan	nan	nan	nan	nan	0.92500001	-0.62383744	nan	nan	nan	nan	-4.5764949	R0:N6:S0:1	0.92500001	20a4d9d	v2.1.5	0.52965642	general_bath_1D.py	2023-07-26@10:50
2L_4b_gen	0.53511322	-1.0025299	-0.5620713	4	0.48502996	-0.22218928	0.48732727	-0.22198263	1.2	1	0.32835818	0.33096638	0.32854549	0.33111715	0.89638387	-1.0025299	nan	nan	nan	nan	nan	0.93246747	-0.63943307	nan	nan	nan	nan	-4.5872428	R0:N6:S0:1	0.93246747	20a4d9d	v2.1.5	0.53511322	general_bath_1D.py	2023-07-26@10:50
2L_4b_gen	0.55587588	-1.0007762	0.086574373	4	0.4968492	-0.23482738	0.50095428	-0.23495733	1.2	1	0.32253494	0.337765	0.32297766	0.33807065	0.89044284	-1.0007762	nan	nan	nan	nan	nan	0.93499928	-0.64200597	nan	nan	nan	nan	-4.6302279	R0:N6:S0:1	0.93499928	20a4d9d	v2.1.5	0.55587588	general_bath_1D.py	2023-07-26@10:51
2L_4b_gen	0.52250423	-1.0026984	0.93343829	4	0.4591237	-0.21837573	0.45900618	-0.21704076	1.2	1	0.31831229	0.33187677	0.31804834	0.33165732	0.89284254	-1.0026984	nan	nan	nan	nan	nan	0.92953117	-0.63974852	nan	nan	nan	nan	-4.5612565	R0:N6:S0:1	0.92953117	20a4d9d	v2.1.5	0.52250423	general_bath_1D.py	2023-07-26@10:51
2L_4b_gen	0.55417741	-1.0035056	-0.36855665	4	0.45822546	-0.23222626	0.46411545	-0.23233038	1.2	1	0.31647684	0.33642347	0.31714557	0.33684615	0.90158908	-1.0035056	nan	nan	nan	nan	nan	0.94039997	-0.6404571	nan	nan	nan	nan	-4.6135236	R0:N6:S0:1	0.94039997	20a4d9d	v2.1.5	0.55417741	general_bath_1D.py	2023-07-26@10:51
2L_4b_gen	0.54954758	-1.0045702	0.47869391	4	0.51841223	-0.23301294	0.52760076	-0.23413823	1.2	1	0.31674897	0.34606902	0.31790937	0.34681569	0.89021816	-1.0045702	nan	nan	nan	nan	nan	0.95333231	-0.65562493	nan	nan	nan	nan	-4.6108873	R0:N6:S0:1	0.95333231	20a4d9d	v2.1.5	0.54954758	general_bath_1D.py	2023-07-26@10:52
2L_4b_gen	0.495577	-0.99779206	-2.3096189	4	0.32489055	-0.20714878	0.30697878	-0.20581658	1.2	1	0.28532018	0.33399617	0.28236304	0.3328782	0.89894447	-0.99779206	nan	nan	nan	nan	nan	0.91926667	-0.6183615	nan	nan	nan	nan	-4.5068222	R0:N6:S0:1	0.91926667	20a4d9d	v2.1.5	0.495577	general_bath_1D.py	2023-07-26@10:52
2L_4b_gen	0.61176264	-0.99843259	1.3920825	4	0.49152152	-0.25831046	0.49240143	-0.25830008	1.2	1	0.33006915	0.34005708	0.33016089	0.34012241	0.89711182	-0.99843259	nan	nan	nan	nan	nan	0.93633505	-0.63345131	nan	nan	nan	nan	-4.7391103	R0:N6:S0:1	0.93633505	20a4d9d	v2.1.5	0.61176264	general_bath_1D.py	2023-07-26@10:53
2L_4b_gen	0.5583237	-1.0070483	0.34024196	4	0.46892055	-0.23370106	0.4734439	-0.23384775	1.2	1	0.31723109	0.3425895	0.31774563	0.34292412	0.8919695	-1.0070483	nan	nan	nan	nan	nan	0.93486658	-0.63936192	nan	nan	nan	nan	-4.6254664	R0:N6:S0:1	0.93486658	20a4d9d	v2.1.5	0.5583237	general_bath_1D.py	2023-07-26@10:53
2L_4b_gen	0.54355067	-0.99912851	-0.73778583	4	0.45633324	-0.22537548	0.46244372	-0.2249082	1.2	1	0.31935578	0.33968642	0.31993703	0.34004386	0.89099588	-0.99912851	nan	nan	nan	nan	nan	0.93166769	-0.6306717	nan	nan	nan	nan	-4.6055717	R0:N6:S0:1	0.93166769	20a4d9d	v2.1.5	0.54355067	general_bath_1D.py	2023-07-26@10:53
2L_4b_gen	0.53843517	-1.0010273	-1.2794899	4	0.47061446	-0.22438004	0.47246641	-0.2233151	1.2	1	0.31905523	0.33954096	0.31904473	0.33950117	0.89727557	-1.0010273	nan	nan	nan	nan	nan	0.93739871	-0.63710709	nan	nan	nan	nan	-4.590289	R0:N6:S0:1	0.93739871	20a4d9d	v2.1.5	0.53843517	general_bath_1D.py	2023-07-26@10:54
2L_4b_gen	0.54906085	-0.99019011	0.4900566	4	0.45967228	-0.23123235	0.46290437	-0.230833	1.2	1	0.31659803	0.33733677	0.31688094	0.33749644	0.88973889	-0.99019011	nan	nan	nan	nan	nan	0.92814419	-0.6246832	nan	nan	nan	nan	-4.617088	R0:N6:S0:1	0.92814419	20a4d9d	v2.1.5	0.54906085	general_bath_1D.py	2023-07-26@10:54
2L_4b_gen	0.53160284	-0.99190017	-1.4345724	4	0.42200838	-0.22040785	0.42316944	-0.21977556	1.2	1	0.32066098	0.32488834	0.32067008	0.32488684	0.9012085	-0.99190017	nan	nan	nan	nan	nan	0.92726734	-0.62065942	nan	nan	nan	nan	-4.5788368	R0:N6:S0:1	0.92726734	20a4d9d	v2.1.5	0.53160284	general_bath_1D.py	2023-07-26@10:55
2L_4b_gen	0.53404406	-0.99334182	0.52146348	4	0.42200838	-0.22040785	0.42316944	-0.21977556	1.3	1	0.32066098	0.32488834	0.32067008	0.32488684	0.96225502	-0.99334182	nan	nan	nan	nan	nan	0.94820133	-0.63124004	nan	nan	nan	nan	-4.765301	R0:N6:S0:1	0.94820133	20a4d9d	v2.1.5	0.53404406	general_bath_1D.py	2023-07-26@10:55
2L_4b_gen	0.86777884	-0.98778584	0.38271368	4	0.86358053	-0.38247886	0.86353782	-0.38232216	1.3	1	0.35895925	0.38456032	0.35892939	0.38452932	0.94236243	-0.98778584	nan	nan	nan	nan	nan	0.9611335	-0.65904441	nan	nan	nan	nan	-5.4275974	R0:N6:S0:1	0.9611335	20a4d9d	v2.1.5	0.86777884	general_bath_1D.py	2023-07-26@10:55
2L_4b_gen	0.82580346	-0.98509966	0.36508198	4	0.89808418	-0.36827359	0.89754413	-0.36801977	1.3	1	0.35119557	0.37939478	0.35111042	0.37932681	0.9286296	-0.98509966	nan	nan	nan	nan	nan	0.98026663	-0.66885057	nan	nan	nan	nan	-5.3377181	R0:N6:S0:1	0.98026663	20a4d9d	v2.1.5	0.82580346	general_bath_1D.py	2023-07-26@10:56
2L_4b_gen	0.68309152	-0.99143772	2.0673315	4	0.80731634	-0.30235157	0.80815175	-0.30322432	1.3	1	0.32775709	0.3684339	0.32801172	0.36861607	0.92198945	-0.99143772	nan	nan	nan	nan	nan	0.96546968	-0.67386761	nan	nan	nan	nan	-5.0595625	R0:N6:S0:1	0.96546968	20a4d9d	v2.1.5	0.68309152	general_bath_1D.py	2023-07-26@10:56
2L_4b_gen	0.68469003	-0.97802322	3.0254295	4	0.83043171	-0.30286434	0.82993355	-0.30343329	1.3	1	0.33873728	0.35991292	0.33882509	0.35997811	0.93474526	-0.97802322	nan	nan	nan	nan	nan	0.98539699	-0.6666848	nan	nan	nan	nan	-5.0598098	R0:N6:S0:1	0.98539699	20a4d9d	v2.1.5	0.68469003	general_bath_1D.py	2023-07-26@10:57
2L_4b_gen	0.6739547	-0.98841279	0.78914445	4	0.81386343	-0.30379293	0.81541346	-0.30477277	1.3	1	0.31983591	0.36991137	0.32017648	0.370141	0.90967874	-0.98841279	nan	nan	nan	nan	nan	0.99008524	-0.678053	nan	nan	nan	nan	-5.034853	R0:N6:S0:1	0.99008524	20a4d9d	v2.1.5	0.6739547	general_bath_1D.py	2023-07-26@10:57
2L_4b_gen	0.53396298	-1.0013787	-0.52286728	4	0.38711773	-0.23283812	0.38900612	-0.2314218	1.3	1	0.27690381	0.34332708	0.27683764	0.34323032	0.91033328	-1.0013787	nan	nan	nan	nan	nan	0.94906686	-0.64242686	nan	nan	nan	nan	-4.763289	R0:N6:S0:1	0.94906686	20a4d9d	v2.1.5	0.53396298	general_bath_1D.py	2023-07-26@10:57
2L_4b_gen	0.54691289	-0.99495555	0.13355068	4	0.4937269	-0.22910342	0.50027102	-0.23006897	1.3	1	0.31568419	0.3388901	0.31655105	0.33947494	0.92606591	-0.99495555	nan	nan	nan	nan	nan	0.95146583	-0.6404177	nan	nan	nan	nan	-4.7888183	R0:N6:S0:1	0.95146583	20a4d9d	v2.1.5	0.54691289	general_bath_1D.py	2023-07-26@10:58
2L_4b_gen	0.66850081	-0.98823986	0.46940525	4	0.6915027	-0.28963131	0.69054797	-0.29001097	1.3	1	0.33785997	0.3577033	0.33786586	0.35770632	0.91881712	-0.98823986	nan	nan	nan	nan	nan	0.96106887	-0.65297686	nan	nan	nan	nan	-5.0267265	R0:N6:S0:1	0.96106887	20a4d9d	v2.1.5	0.66850081	general_bath_1D.py	2023-07-26@10:58
2L_4b_gen	0.63248004	-0.99501399	-7.155681	4	0.70678468	-0.27682105	0.70772761	-0.27773816	1.3	1	0.33269183	0.35483229	0.33294625	0.35504085	0.90570147	-0.99501399	nan	nan	nan	nan	nan	0.96665524	-0.67262916	nan	nan	nan	nan	-4.9412421	R0:N6:S0:1	0.96665524	20a4d9d	v2.1.5	0.63248004	general_bath_1D.py	2023-07-26@10:59
2L_4b_gen	0.56473149	-1.0092396	0.31163693	4	0.48398664	-0.24564455	0.49042835	-0.24489603	1.3	1	0.29744794	0.34377186	0.29806893	0.3439597	0.92091853	-1.0092396	nan	nan	nan	nan	nan	0.9527967	-0.6585047	nan	nan	nan	nan	-4.8157825	R0:N6:S0:1	0.9527967	20a4d9d	v2.1.5	0.56473149	general_bath_1D.py	2023-07-26@10:59
2L_4b_gen	0.66964551	-0.99660853	0.35604012	4	0.60304433	-0.28993349	0.60210003	-0.290569	1.3	1	0.33039845	0.35377865	0.33042854	0.35381859	0.91550751	-0.99660853	nan	nan	nan	nan	nan	0.95653322	-0.65191641	nan	nan	nan	nan	-5.0301998	R0:N6:S0:1	0.95653322	20a4d9d	v2.1.5	0.66964551	general_bath_1D.py	2023-07-26@10:59
2L_4b_gen	0.62347638	-0.96101632	0.68317148	4	0.62608977	-0.26674236	0.62843247	-0.26782802	1.3	1	0.32783871	0.35240264	0.328261	0.35272258	0.94027218	-0.96101632	nan	nan	nan	nan	nan	0.92966429	-0.62024411	nan	nan	nan	nan	-4.9428046	R0:N6:S0:1	0.92966429	20a4d9d	v2.1.5	0.62347638	general_bath_1D.py	2023-07-26@11:00
2L_4b_gen	0.94332278	-0.98846876	-0.073652264	4	0.95555277	-0.42065637	0.95556737	-0.42064492	1.3	1	0.38242148	0.37678206	0.38241973	0.37677896	0.92516421	-0.98846876	nan	nan	nan	nan	nan	0.97206673	-0.66881827	nan	nan	nan	nan	-5.5750142	R0:N6:S0:1	0.97206673	20a4d9d	v2.1.5	0.94332278	general_bath_1D.py	2023-07-26@11:00
2L_4b_gen	0.67362271	-1.0050704	0.59175644	4	0.78630347	-0.29735573	0.78778379	-0.29815196	1.3	1	0.33097565	0.36255432	0.33124857	0.36275715	0.92509744	-1.0050704	nan	nan	nan	nan	nan	0.97366571	-0.68494838	nan	nan	nan	nan	-5.0375808	R0:N6:S0:1	0.97366571	20a4d9d	v2.1.5	0.67362271	general_bath_1D.py	2023-07-26@11:00
2L_4b_gen	0.67382572	-0.98294465	0.73506222	4	0.79537529	-0.29874873	0.79485033	-0.299825	1.3	1	0.32958871	0.36655437	0.32979215	0.36670678	0.91077899	-0.98294465	nan	nan	nan	nan	nan	0.97728953	-0.66967498	nan	nan	nan	nan	-5.0228975	R0:N6:S0:1	0.97728953	20a4d9d	v2.1.5	0.67382572	general_bath_1D.py	2023-07-26@11:01
2L_4b_gen	0.56021611	-0.99516371	0.36064555	4	0.52442348	-0.24541767	0.53755299	-0.24621495	1.3	1	0.2930647	0.34650054	0.29463386	0.34722291	0.92979499	-0.99516371	nan	nan	nan	nan	nan	0.97126654	-0.66228583	nan	nan	nan	nan	-4.8147691	R0:N6:S0:1	0.97126654	20a4d9d	v2.1.5	0.56021611	general_bath_1D.py	2023-07-26@11:01
2L_4b_gen	0.64324324	-0.97631209	0.83845838	4	0.66367485	-0.28299629	0.66489751	-0.28422218	1.3	1	0.31509421	0.36069521	0.31545892	0.36096052	0.92067667	-0.97631209	nan	nan	nan	nan	nan	0.9795308	-0.6561672	nan	nan	nan	nan	-4.9700689	R0:N6:S0:1	0.9795308	20a4d9d	v2.1.5	0.64324324	general_bath_1D.py	2023-07-26@11:02
2L_4b_gen	0.57389516	-0.9751626	1.9793592	4	0.58840414	-0.25265551	0.59973842	-0.25374426	1.3	1	0.29769742	0.3529703	0.29900332	0.35366561	0.91346293	-0.9751626	nan	nan	nan	nan	nan	0.95686664	-0.64408572	nan	nan	nan	nan	-4.8500868	R0:N6:S0:1	0.95686664	20a4d9d	v2.1.5	0.57389516	general_bath_1D.py	2023-07-26@11:02
2L_4b_gen	0.62635083	-0.97222927	0.78952922	4	0.66371783	-0.27297048	0.66494519	-0.27320401	1.3	1	0.3298315	0.34695297	0.32997857	0.34706211	0.92744655	-0.97222927	nan	nan	nan	nan	nan	0.96600404	-0.64333155	nan	nan	nan	nan	-4.9518288	R0:N6:S0:1	0.96600404	20a4d9d	v2.1.5	0.62635083	general_bath_1D.py	2023-07-26@11:02
2L_4b_gen	0.66167621	-0.98008194	1.0322315	4	0.71670079	-0.29158321	0.71728462	-0.29208681	1.3	1	0.32664636	0.35769765	0.32679467	0.35781077	0.92384347	-0.98008194	nan	nan	nan	nan	nan	0.96607046	-0.65566556	nan	nan	nan	nan	-5.02303	R0:N6:S0:1	0.96607046	20a4d9d	v2.1.5	0.66167621	general_bath_1D.py	2023-07-26@11:03
2L_4b_gen	0.6709618	-0.97021909	0.42653846	4	0.74405586	-0.29597987	0.74456745	-0.29659941	1.3	1	0.33002566	0.35884086	0.330184	0.35897197	0.93058311	-0.97021909	nan	nan	nan	nan	nan	0.97273662	-0.65187719	nan	nan	nan	nan	-5.039511	R0:N6:S0:1	0.97273662	20a4d9d	v2.1.5	0.6709618	general_bath_1D.py	2023-07-26@11:03
2L_4b_gen	0.68839874	-0.95849683	0.68163476	4	0.76537107	-0.30554604	0.76615442	-0.3059544	1.3	1	0.32687099	0.35985882	0.32701331	0.35996464	0.96320094	-0.95849683	nan	nan	nan	nan	nan	0.95110453	-0.64625851	nan	nan	nan	nan	-5.04533	R0:N6:S0:1	0.95110453	20a4d9d	v2.1.5	0.68839874	general_bath_1D.py	2023-07-26@11:04
2L_4b_gen	0.96708973	-0.95950145	1.7806306	4	1.1255665	-0.43949497	1.1255894	-0.43947485	1.3	1	0.37158383	0.38376453	0.37158087	0.38376066	0.98465244	-0.95950145	nan	nan	nan	nan	nan	0.97532302	-0.66104466	nan	nan	nan	nan	-5.6153781	R0:N6:S0:1	0.97532302	20a4d9d	v2.1.5	0.96708973	general_bath_1D.py	2023-07-26@11:04
2L_4b_gen	1.3145965	-0.96141388	1.0830214	4	1.5185899	-0.60412613	1.5185155	-0.60414036	1.3	1	0.41053489	0.42874883	0.41052165	0.42875041	0.9332783	-0.96141388	nan	nan	nan	nan	nan	0.99114464	-0.66978408	nan	nan	nan	nan	-6.3018002	R0:N6:S0:1	0.99114464	20a4d9d	v2.1.5	1.3145965	general_bath_1D.py	2023-07-26@11:04
2L_4b_gen	0.75134324	-0.96983301	1.3813499	4	1.0039563	-0.33922584	1.0041188	-0.33979017	1.3	1	0.33622191	0.37929177	0.33636401	0.37938898	0.93255509	-0.96983301	nan	nan	nan	nan	nan	0.98986693	-0.66940647	nan	nan	nan	nan	-5.200194	R0:N6:S0:1	0.98986693	20a4d9d	v2.1.5	0.75134324	general_bath_1D.py	2023-07-26@11:05
2L_4b_gen	0.71522962	-0.96851819	1.0649338	4	0.86075224	-0.31961599	0.86202878	-0.32011997	1.3	1	0.32608917	0.37200462	0.32629002	0.37213832	0.94956273	-0.96851819	nan	nan	nan	nan	nan	0.9787354	-0.65966448	nan	nan	nan	nan	-5.1236718	R0:N6:S0:1	0.9787354	20a4d9d	v2.1.5	0.71522962	general_bath_1D.py	2023-07-26@11:05
2L_4b_gen	0.80885436	-0.99295361	0.82321722	4	0.99936457	-0.36548398	0.99837624	-0.36543936	1.3	1	0.34593243	0.38036857	0.34586274	0.38031156	0.921195	-0.99295361	nan	nan	nan	nan	nan	0.97927979	-0.68476396	nan	nan	nan	nan	-5.3114605	R0:N6:S0:1	0.97927979	20a4d9d	v2.1.5	0.80885436	general_bath_1D.py	2023-07-26@11:06
2L_4b_gen	0.8120124	-0.96590198	1.3479547	4	0.99936457	-0.36548398	0.99837624	-0.36543936	1.4	1	0.34593243	0.38036857	0.34586274	0.38031156	0.95672082	-0.96590198	nan	nan	nan	nan	nan	0.99219996	-0.66382933	nan	nan	nan	nan	-5.5127659	R0:N6:S0:1	0.99219996	20a4d9d	v2.1.5	0.8120124	general_bath_1D.py	2023-07-26@11:06
2L_4b_gen	0.7582026	-0.97671572	2.8716462	4	0.9709587	-0.34329332	0.97024087	-0.34335821	1.4	1	0.33558103	0.37199023	0.33555399	0.37196864	0.9549216	-0.97671572	nan	nan	nan	nan	nan	0.99941383	-0.67486216	nan	nan	nan	nan	-5.3820284	R0:N6:S0:1	0.99941383	20a4d9d	v2.1.5	0.7582026	general_bath_1D.py	2023-07-26@11:06
2L_4b_gen	0.75126321	-0.96884928	2.7965407	4	0.97560562	-0.33738236	0.97468821	-0.33763602	1.4	1	0.33563906	0.37713283	0.3356541	0.3771309	0.99732741	-0.96884928	nan	nan	nan	nan	nan	0.98867554	-0.66789884	nan	nan	nan	nan	-5.3877334	R0:N6:S0:1	0.98867554	20a4d9d	v2.1.5	0.75126321	general_bath_1D.py	2023-07-26@11:07
2L_4b_gen	0.92936452	-0.97326735	2.0681722	4	1.1448476	-0.42340908	1.1446851	-0.42333428	1.4	1	0.35938208	0.3879652	0.35936053	0.3879521	1.0035636	-0.97326735	nan	nan	nan	nan	nan	0.99573427	-0.67404344	nan	nan	nan	nan	-5.7438494	R0:N6:S0:1	0.99573427	20a4d9d	v2.1.5	0.92936452	general_bath_1D.py	2023-07-26@11:07
2L_4b_gen	0.96458488	-0.98933034	0.52667009	4	1.2149882	-0.43922835	1.2150012	-0.4391628	1.4	1	0.36513975	0.39712427	0.36513055	0.39711448	0.96080822	-0.98933034	nan	nan	nan	nan	nan	0.99467407	-0.6923045	nan	nan	nan	nan	-5.8055394	R0:N6:S0:1	0.99467407	20a4d9d	v2.1.5	0.96458488	general_bath_1D.py	2023-07-26@11:07
2L_4b_gen	0.80816332	-0.98042631	0.10235411	4	1.0826517	-0.36554698	1.081617	-0.36548197	1.4	1	0.34707003	0.38009874	0.34699868	0.38004975	0.9921608	-0.98042631	nan	nan	nan	nan	nan	0.98627777	-0.6798297	nan	nan	nan	nan	-5.4967945	R0:N6:S0:1	0.98627777	20a4d9d	v2.1.5	0.80816332	general_bath_1D.py	2023-07-26@11:08
2L_4b_gen	0.88551071	-0.97698867	2.285447	4	1.1397664	-0.40120347	1.139718	-0.40106246	1.4	1	0.36190033	0.38344207	0.3618648	0.38341961	0.99823617	-0.97698867	nan	nan	nan	nan	nan	0.99047045	-0.67554582	nan	nan	nan	nan	-5.6571998	R0:N6:S0:1	0.99047045	20a4d9d	v2.1.5	0.88551071	general_bath_1D.py	2023-07-26@11:08
2L_4b_gen	0.90450803	-0.95856737	2.1340651	4	1.172329	-0.40923424	1.1723545	-0.40912114	1.4	1	0.36279873	0.39136116	0.36277566	0.39134284	0.99433399	-0.95856737	nan	nan	nan	nan	nan	0.98862371	-0.66146336	nan	nan	nan	nan	-5.6922007	R0:N6:S0:1	0.98862371	20a4d9d	v2.1.5	0.90450803	general_bath_1D.py	2023-07-26@11:09
2L_4b_gen	0.91690314	-0.97984505	0.15508852	4	1.1823104	-0.41793492	1.182349	-0.41787341	1.4	1	0.3618781	0.38602448	0.36187075	0.3860155	0.9681881	-0.97984505	nan	nan	nan	nan	nan	0.99747824	-0.68738026	nan	nan	nan	nan	-5.713621	R0:N6:S0:1	0.99747824	20a4d9d	v2.1.5	0.91690314	general_bath_1D.py	2023-07-26@11:09
2L_4b_gen	0.81623128	-0.97899037	0.72702691	4	1.0871309	-0.37192965	1.0862543	-0.37184974	1.4	1	0.34146102	0.38038727	0.34139487	0.38034197	0.9576108	-0.97899037	nan	nan	nan	nan	nan	0.99109274	-0.68303976	nan	nan	nan	nan	-5.4980896	R0:N6:S0:1	0.99109274	20a4d9d	v2.1.5	0.81623128	general_bath_1D.py	2023-07-26@11:09
2L_4b_gen	0.79145029	-0.96408319	1.2206278	4	1.0617496	-0.35784228	1.060332	-0.35772734	1.4	1	0.34541159	0.37643461	0.34530827	0.3763587	0.98040619	-0.96408319	nan	nan	nan	nan	nan	0.99160146	-0.66588426	nan	nan	nan	nan	-5.4684185	R0:N6:S0:1	0.99160146	20a4d9d	v2.1.5	0.79145029	general_bath_1D.py	2023-07-26@11:10
2L_4b_gen	0.86176401	-0.96767998	0.4474138	4	1.0350268	-0.39221515	1.0346944	-0.39210013	1.4	1	0.34499038	0.38059941	0.34495234	0.38057124	0.99826518	-0.96767998	nan	nan	nan	nan	nan	0.99000479	-0.67026215	nan	nan	nan	nan	-5.6101038	R0:N6:S0:1	0.99000479	20a4d9d	v2.1.5	0.86176401	general_bath_1D.py	2023-07-26@11:10
2L_4b_gen	1.0365002	-0.96555552	1.3638052	4	1.2738292	-0.47457103	1.2739214	-0.4745571	1.4	1	0.37326929	0.39825017	0.37327239	0.39824892	0.99451076	-0.96555552	nan	nan	nan	nan	nan	0.99010144	-0.67070769	nan	nan	nan	nan	-5.9569285	R0:N6:S0:1	0.99010144	20a4d9d	v2.1.5	1.0365002	general_bath_1D.py	2023-07-26@11:11
2L_4b_gen	1.0393617	-0.96400652	0.79425787	4	1.2933853	-0.47569491	1.2934329	-0.47567764	1.4	1	0.37645786	0.39905349	0.37646291	0.39905614	0.95579387	-0.96400652	nan	nan	nan	nan	nan	0.9927335	-0.67087174	nan	nan	nan	nan	-5.9595516	R0:N6:S0:1	0.9927335	20a4d9d	v2.1.5	1.0393617	general_bath_1D.py	2023-07-26@11:11
2L_4b_gen	0.765333	-0.9603974	0.026330954	4	0.97857766	-0.34753235	0.97796777	-0.34756088	1.4	1	0.3354308	0.36832298	0.33540479	0.36830347	1.0021752	-0.9603974	nan	nan	nan	nan	nan	0.99166227	-0.6650953	nan	nan	nan	nan	-5.4133034	R0:N6:S0:1	0.99166227	20a4d9d	v2.1.5	0.765333	general_bath_1D.py	2023-07-26@11:11
2L_4b_gen	0.93743805	-0.96032467	0.87429541	4	1.1867844	-0.42904775	1.1866524	-0.42899519	1.4	1	0.35767864	0.38820886	0.35765042	0.38820042	1.0026422	-0.96032467	nan	nan	nan	nan	nan	0.99580706	-0.66595811	nan	nan	nan	nan	-5.7552367	R0:N6:S0:1	0.99580706	20a4d9d	v2.1.5	0.93743805	general_bath_1D.py	2023-07-26@11:12
2L_4b_gen	0.9243826	-0.9651495	2.2795786	4	1.2022596	-0.42074029	1.202238	-0.42066955	1.4	1	0.36082102	0.39191672	0.36080344	0.39190493	0.99863068	-0.9651495	nan	nan	nan	nan	nan	0.99180759	-0.6713	nan	nan	nan	nan	-5.7209277	R0:N6:S0:1	0.99180759	20a4d9d	v2.1.5	0.9243826	general_bath_1D.py	2023-07-26@11:12
2L_4b_gen	0.9243826	-0.9651495	2.2795786	4	1.2022596	-0.42074029	1.202238	-0.42066955	1.4	1	0.36082102	0.39191672	0.36080344	0.39190493	0.99863068	-0.9651495	nan	nan	nan	nan	nan	0.99180759	-0.6713	nan	nan	nan	nan	-5.7209277	R0:N6:S0:1	0.99180759	20a4d9d	v2.1.5	0.9243826	general_bath_1D.py	2023-07-26@11:12
2L_4b_gen	0.91331743	-0.97110021	1.8535504	4	1.2066807	-0.41668462	1.2065455	-0.41657503	1.5	1	0.3597084	0.38911966	0.35967364	0.38909655	0.99468606	-0.97110021	nan	nan	nan	nan	nan	0.99422801	-0.67555648	nan	nan	nan	nan	-5.9129562	R0:N6:S0:1	0.99422801	20a4d9d	v2.1.5	0.91331743	general_bath_1D.py	2023-07-26@11:13
2L_4b_gen	1.2287249	-0.98557595	-1.7792899	4	1.3628907	-0.56582465	1.3628556	-0.56583215	1.5	1	0.39539623	0.40825763	0.39539324	0.4082563	1.0019547	-0.98557595	nan	nan	nan	nan	nan	0.99871513	-0.69134123	nan	nan	nan	nan	-6.5362782	R0:N6:S0:1	0.99871513	20a4d9d	v2.1.5	1.2287249	general_bath_1D.py	2023-07-26@11:13
2L_4b_gen	1.158062	-0.97044944	1.5328783	4	1.3450247	-0.53283338	1.3450016	-0.53282078	1.5	1	0.3871814	0.4041077	0.38717284	0.40410467	0.99723537	-0.97044944	nan	nan	nan	nan	nan	0.99542835	-0.67881807	nan	nan	nan	nan	-6.3991434	R0:N6:S0:1	0.99542835	20a4d9d	v2.1.5	1.158062	general_bath_1D.py	2023-07-26@11:13
2L_4b_gen	1.2107002	-0.99115826	0.95426827	4	1.3764266	-0.55892681	1.3764848	-0.55891644	1.5	1	0.39161044	0.40527994	0.39161837	0.40527714	0.99940913	-0.99115826	nan	nan	nan	nan	nan	0.99540509	-0.69855317	nan	nan	nan	nan	-6.4887755	R0:N6:S0:1	0.99540509	20a4d9d	v2.1.5	1.2107002	general_bath_1D.py	2023-07-26@11:14
2L_4b_gen	1.1218823	-0.98459834	0.90673061	4	1.3716099	-0.51544303	1.3716117	-0.51545929	1.5	1	0.38707091	0.40259813	0.38706753	0.40260187	1.0013413	-0.98459834	nan	nan	nan	nan	nan	0.99861195	-0.69021364	nan	nan	nan	nan	-6.3149868	R0:N6:S0:1	0.99861195	20a4d9d	v2.1.5	1.1218823	general_bath_1D.py	2023-07-26@11:14
2L_4b_gen	1.0137392	-0.98894388	1.513388	4	1.2635296	-0.46363354	1.263608	-0.4636228	1.5	1	0.37407198	0.3941783	0.37407376	0.39418108	1.0009813	-0.98894388	nan	nan	nan	nan	nan	0.99713633	-0.6912983	nan	nan	nan	nan	-6.092364	R0:N6:S0:1	0.99713633	20a4d9d	v2.1.5	1.0137392	general_bath_1D.py	2023-07-26@11:15
2L_4b_gen	0.95170668	-0.9717744	0.96278231	4	1.2108195	-0.43371084	1.2108894	-0.43364883	1.5	1	0.36948124	0.38818481	0.36946497	0.38817622	0.99281242	-0.9717744	nan	nan	nan	nan	nan	0.99134568	-0.67470689	nan	nan	nan	nan	-5.9917492	R0:N6:S0:1	0.99134568	20a4d9d	v2.1.5	0.95170668	general_bath_1D.py	2023-07-26@11:15
2L_4b_gen	1.215667	-0.96810747	0.20472021	4	1.3424764	-0.55953531	1.34251	-0.55953173	1.5	1	0.39438094	0.40589797	0.39439046	0.40589588	0.9976208	-0.96810747	nan	nan	nan	nan	nan	0.99438705	-0.67530955	nan	nan	nan	nan	-6.5109951	R0:N6:S0:1	0.99438705	20a4d9d	v2.1.5	1.215667	general_bath_1D.py	2023-07-26@11:15
2L_4b_gen	1.273461	-0.96256202	1.6089874	4	1.4133551	-0.58833373	1.4133773	-0.58833421	1.5	1	0.39744401	0.41160263	0.39743423	0.41160229	0.99752754	-0.96256202	nan	nan	nan	nan	nan	0.99586292	-0.67121959	nan	nan	nan	nan	-6.6252221	R0:N6:S0:1	0.99586292	20a4d9d	v2.1.5	1.273461	general_bath_1D.py	2023-07-26@11:16
2L_4b_gen	1.2421045	-0.98429376	0.94858901	4	1.3955093	-0.57332484	1.3955139	-0.57330508	1.5	1	0.39547311	0.40883128	0.39547388	0.40882732	0.99994772	-0.98429376	nan	nan	nan	nan	nan	0.99793496	-0.6906415	nan	nan	nan	nan	-6.569676	R0:N6:S0:1	0.99793496	20a4d9d	v2.1.5	1.2421045	general_bath_1D.py	2023-07-26@11:16
2L_4b_gen	1.2540362	-0.98457529	-0.056866864	4	1.3901573	-0.57808189	1.3901216	-0.57807239	1.5	1	0.39545022	0.41246265	0.39544587	0.41245886	0.99771224	-0.98457529	nan	nan	nan	nan	nan	0.99406678	-0.69130549	nan	nan	nan	nan	-6.5719834	R0:N6:S0:1	0.99406678	20a4d9d	v2.1.5	1.2540362	general_bath_1D.py	2023-07-26@11:16
2L_4b_gen	1.0085886	-0.97289743	2.5886171	4	1.2769547	-0.46260977	1.2770549	-0.46259822	1.5	1	0.3745735	0.38969507	0.37457589	0.38969585	1.002679	-0.97289743	nan	nan	nan	nan	nan	0.99921071	-0.67991415	nan	nan	nan	nan	-6.1007166	R0:N6:S0:1	0.99921071	20a4d9d	v2.1.5	1.0085886	general_bath_1D.py	2023-07-26@11:17
2L_4b_gen	1.1394598	-0.96826799	0.83849196	4	1.350924	-0.52404722	1.3509405	-0.52404661	1.5	1	0.3849849	0.40437313	0.38497741	0.40436929	1.0019492	-0.96826799	nan	nan	nan	nan	nan	0.99940427	-0.6736344	nan	nan	nan	nan	-6.3566385	R0:N6:S0:1	0.99940427	20a4d9d	v2.1.5	1.1394598	general_bath_1D.py	2023-07-26@11:17
2L_4b_gen	1.1190668	-0.97467053	2.7774525	4	1.3304452	-0.5135226	1.3304113	-0.51351189	1.5	1	0.38407574	0.40387553	0.38406473	0.40387323	0.99937915	-0.97467053	nan	nan	nan	nan	nan	0.99801256	-0.67890131	nan	nan	nan	nan	-6.3258257	R0:N6:S0:1	0.99801256	20a4d9d	v2.1.5	1.1190668	general_bath_1D.py	2023-07-26@11:18
2L_4b_gen	1.226537	-0.97300437	1.8707521	4	1.3738179	-0.56442279	1.3738326	-0.56443283	1.5	1	0.39459523	0.41055267	0.39459948	0.41055672	1.0004743	-0.97300437	nan	nan	nan	nan	nan	0.99754996	-0.67895786	nan	nan	nan	nan	-6.5346703	R0:N6:S0:1	0.99754996	20a4d9d	v2.1.5	1.226537	general_bath_1D.py	2023-07-26@11:18
2L_4b_gen	1.152781	-0.98957689	2.6508871	4	1.3548811	-0.53011775	1.3548764	-0.53012247	1.5	1	0.38778177	0.40478956	0.38778671	0.40479214	0.99797033	-0.98957689	nan	nan	nan	nan	nan	0.99631425	-0.69377346	nan	nan	nan	nan	-6.3879053	R0:N6:S0:1	0.99631425	20a4d9d	v2.1.5	1.152781	general_bath_1D.py	2023-07-26@11:18
2L_4b_gen	1.2062949	-0.98584154	-2.4531925	4	1.3691392	-0.55450614	1.3691113	-0.55451579	1.5	1	0.39375204	0.40958476	0.39374826	0.40958648	1.0036285	-0.98584154	nan	nan	nan	nan	nan	1.0012257	-0.691059	nan	nan	nan	nan	-6.4963361	R0:N6:S0:1	1.0012257	20a4d9d	v2.1.5	1.2062949	general_bath_1D.py	2023-07-26@11:19
2L_4b_gen	1.2297418	-0.96826148	1.1987818	4	1.3810171	-0.56645796	1.3810406	-0.56647673	1.5	1	0.39304239	0.41179259	0.39304112	0.4117932	1.004787	-0.96826148	nan	nan	nan	nan	nan	1.0020234	-0.67201372	nan	nan	nan	nan	-6.540783	R0:N6:S0:1	1.0020234	20a4d9d	v2.1.5	1.2297418	general_bath_1D.py	2023-07-26@11:19
2L_4b_gen	1.1605163	-0.97978238	1.6375861	4	1.353397	-0.53246582	1.3534509	-0.53246954	1.5	1	0.38823846	0.40879332	0.38824623	0.40879876	0.99764398	-0.97978238	nan	nan	nan	nan	nan	0.99540979	-0.68338733	nan	nan	nan	nan	-6.3763071	R0:N6:S0:1	0.99540979	20a4d9d	v2.1.5	1.1605163	general_bath_1D.py	2023-07-26@11:20
2L_4b_gen	0.99326229	-0.98579951	0.46576026	4	1.2409946	-0.45363059	1.2411707	-0.45361703	1.5	1	0.37469802	0.39012878	0.37471421	0.39013449	0.99697701	-0.98579951	nan	nan	nan	nan	nan	0.9929401	-0.68783889	nan	nan	nan	nan	-6.0549206	R0:N6:S0:1	0.9929401	20a4d9d	v2.1.5	0.99326229	general_bath_1D.py	2023-07-26@11:20
2L_4b_gen	1.0432467	-0.96842336	3.3047768	4	1.2829588	-0.47692193	1.2830619	-0.47690163	1.5	1	0.38034269	0.3956587	0.38034714	0.39565661	1.0013978	-0.96842336	nan	nan	nan	nan	nan	0.99893739	-0.67377997	nan	nan	nan	nan	-6.170067	R0:N6:S0:1	0.99893739	20a4d9d	v2.1.5	1.0432467	general_bath_1D.py	2023-07-26@11:20
2L_4b_gen	1.1839722	-0.9663951	2.3235607	4	1.3553817	-0.54495587	1.3554132	-0.54494909	1.5	1	0.38911085	0.40702277	0.38911022	0.4070188	0.99719532	-0.9663951	nan	nan	nan	nan	nan	0.99524858	-0.67475374	nan	nan	nan	nan	-6.4503341	R0:N6:S0:1	0.99524858	20a4d9d	v2.1.5	1.1839722	general_bath_1D.py	2023-07-26@11:21
2L_4b_gen	1.2357438	-1.0038328	2.4632528	4	1.4024649	-0.57045804	1.4023986	-0.57048237	1.5	1	0.39503424	0.40881756	0.39502177	0.40881895	1.0017429	-1.0038328	nan	nan	nan	nan	nan	0.99934874	-0.70855143	nan	nan	nan	nan	-6.5557786	R0:N6:S0:1	0.99934874	20a4d9d	v2.1.5	1.2357438	general_bath_1D.py	2023-07-26@11:21
2L_4b_gen	1.2357438	-1.0038328	2.4632528	4	1.4024649	-0.57045804	1.4023986	-0.57048237	1.5	1	0.39503424	0.40881756	0.39502177	0.40881895	1.0017429	-1.0038328	nan	nan	nan	nan	nan	0.99934874	-0.70855143	nan	nan	nan	nan	-6.5557786	R0:N6:S0:1	0.99934874	20a4d9d	v2.1.5	1.2357438	general_bath_1D.py	2023-07-26@11:21
2L_4b_gen	1.2317245	-0.97534603	1.6236786	4	1.3968786	-0.56634488	1.3966605	-0.56631997	1.6	1	0.39619696	0.41338597	0.39616924	0.41337243	1.0007622	-0.97534603	nan	nan	nan	nan	nan	1.0026802	-0.68239956	nan	nan	nan	nan	-6.7429931	R0:N6:S0:1	1.0026802	20a4d9d	v2.1.5	1.2317245	general_bath_1D.py	2023-07-26@11:22
2L_4b_gen	1.4239118	-0.96120777	0.95555628	4	1.4143769	-0.66119388	1.4143936	-0.6611995	1.6	1	0.40704685	0.4161844	0.4070569	0.41618743	0.99891718	-0.96120777	nan	nan	nan	nan	nan	0.99846815	-0.67119706	nan	nan	nan	nan	-7.1317316	R0:N6:S0:1	0.99846815	20a4d9d	v2.1.5	1.4239118	general_bath_1D.py	2023-07-26@11:22
2L_4b_gen	1.4665701	-0.97411397	0.77738666	4	1.4241744	-0.68302161	1.4242574	-0.68302824	1.6	1	0.40835017	0.41605116	0.40836331	0.41605597	1.0012875	-0.97411397	nan	nan	nan	nan	nan	1.0010654	-0.68148242	nan	nan	nan	nan	-7.2133005	R0:N6:S0:1	1.0010654	20a4d9d	v2.1.5	1.4665701	general_bath_1D.py	2023-07-26@11:22
2L_4b_gen	1.4706913	-0.96752546	2.9637481	4	1.3991404	-0.68366377	1.3991943	-0.68362303	1.6	1	0.40938952	0.41795003	0.40938568	0.4179434	1.0025395	-0.96752546	nan	nan	nan	nan	nan	1.0014049	-0.67448987	nan	nan	nan	nan	-7.2224842	R0:N6:S0:1	1.0014049	20a4d9d	v2.1.5	1.4706913	general_bath_1D.py	2023-07-26@11:23
2L_4b_gen	1.4888351	-0.98827732	1.0722506	4	1.4145335	-0.69232786	1.4145109	-0.69233194	1.6	1	0.40997942	0.42051659	0.40997638	0.4205167	1.0073953	-0.98827732	nan	nan	nan	nan	nan	1.0057342	-0.6948566	nan	nan	nan	nan	-7.2616798	R0:N6:S0:1	1.0057342	20a4d9d	v2.1.5	1.4888351	general_bath_1D.py	2023-07-26@11:23
2L_4b_gen	1.4176902	-0.96942145	0.50749382	4	1.3982866	-0.65823248	1.3982101	-0.65820527	1.6	1	0.40415999	0.41746482	0.40415191	0.41745799	0.99836865	-0.96942145	nan	nan	nan	nan	nan	0.99826708	-0.67736242	nan	nan	nan	nan	-7.1193877	R0:N6:S0:1	0.99826708	20a4d9d	v2.1.5	1.4176902	general_bath_1D.py	2023-07-26@11:23
2L_4b_gen	1.4835515	-0.96477455	0.98521877	4	1.4227845	-0.6902589	1.4227785	-0.69027383	1.6	1	0.41088447	0.4181609	0.41089338	0.41816888	0.99554845	-0.96477455	nan	nan	nan	nan	nan	0.99486006	-0.67472436	nan	nan	nan	nan	-7.2520869	R0:N6:S0:1	0.99486006	20a4d9d	v2.1.5	1.4835515	general_bath_1D.py	2023-07-26@11:24
2L_4b_gen	1.5382443	-0.96974473	2.2977808	4	1.4551284	-0.7172854	1.4549128	-0.71726695	1.6	1	0.41523424	0.42024714	0.41520736	0.4202376	0.99820571	-0.96974473	nan	nan	nan	nan	nan	0.99710632	-0.67587173	nan	nan	nan	nan	-7.3588313	R0:N6:S0:1	0.99710632	20a4d9d	v2.1.5	1.5382443	general_bath_1D.py	2023-07-26@11:24
2L_4b_gen	1.4406932	-0.96647893	1.3583579	4	1.4035141	-0.66817185	1.4035305	-0.66817518	1.6	1	0.41004736	0.4177579	0.41004889	0.417757	1.0003301	-0.96647893	nan	nan	nan	nan	nan	0.99980874	-0.67517399	nan	nan	nan	nan	-7.1659765	R0:N6:S0:1	0.99980874	20a4d9d	v2.1.5	1.4406932	general_bath_1D.py	2023-07-26@11:25
2L_4b_gen	1.5258659	-0.95604434	2.2088838	4	1.430462	-0.71130531	1.4303585	-0.71126086	1.6	1	0.41152808	0.42038574	0.41150548	0.42037414	1.000708	-0.95604434	nan	nan	nan	nan	nan	1.0004635	-0.66707962	nan	nan	nan	nan	-7.3423424	R0:N6:S0:1	1.0004635	20a4d9d	v2.1.5	1.5258659	general_bath_1D.py	2023-07-26@11:25
2L_4b_gen	1.603685	-0.96697351	2.4647936	4	1.4545727	-0.74930323	1.4545849	-0.74933151	1.6	1	0.41590954	0.42402508	0.41591673	0.42403161	0.99950874	-0.96697351	nan	nan	nan	nan	nan	0.99778031	-0.6773984	nan	nan	nan	nan	-7.4874305	R0:N6:S0:1	0.99778031	20a4d9d	v2.1.5	1.603685	general_bath_1D.py	2023-07-26@11:25
2L_4b_gen	1.5157031	-0.98732804	0.95052443	4	1.4582879	-0.70608706	1.4581646	-0.70605613	1.6	1	0.4134824	0.42076011	0.41346962	0.42075078	1.0005385	-0.98732804	nan	nan	nan	nan	nan	1.0001405	-0.69571544	nan	nan	nan	nan	-7.3073964	R0:N6:S0:1	1.0001405	20a4d9d	v2.1.5	1.5157031	general_bath_1D.py	2023-07-26@11:26
2L_4b_gen	1.4673366	-0.97890482	1.8296077	4	1.4118237	-0.6825333	1.4118169	-0.68254736	1.6	1	0.40899394	0.41754996	0.40899203	0.41755003	0.99738492	-0.97890482	nan	nan	nan	nan	nan	0.99725669	-0.68599071	nan	nan	nan	nan	-7.2208442	R0:N6:S0:1	0.99725669	20a4d9d	v2.1.5	1.4673366	general_bath_1D.py	2023-07-26@11:26
2L_4b_gen	1.5531984	-0.99721148	2.3184814	4	1.4410455	-0.72314762	1.441079	-0.72315339	1.6	1	0.41728618	0.42276581	0.41728278	0.42276518	1.0071611	-0.99721148	nan	nan	nan	nan	nan	1.0052263	-0.70149254	nan	nan	nan	nan	-7.3857032	R0:N6:S0:1	1.0052263	20a4d9d	v2.1.5	1.5531984	general_bath_1D.py	2023-07-26@11:27
2L_4b_gen	1.4579996	-0.97290735	1.627961	4	1.4067654	-0.67582321	1.4067838	-0.67580624	1.6	1	0.4094516	0.42241893	0.40945024	0.42241453	1.0063515	-0.97290735	nan	nan	nan	nan	nan	1.0041338	-0.68015545	nan	nan	nan	nan	-7.182361	R0:N6:S0:1	1.0041338	20a4d9d	v2.1.5	1.4579996	general_bath_1D.py	2023-07-26@11:27
2L_4b_gen	1.3297106	-0.97000887	0.65917469	4	1.3864546	-0.6165622	1.3864916	-0.61656258	1.6	1	0.3978922	0.41104356	0.39789601	0.41104441	1.006122	-0.97000887	nan	nan	nan	nan	nan	1.0062037	-0.67829696	nan	nan	nan	nan	-6.939968	R0:N6:S0:1	1.0062037	20a4d9d	v2.1.5	1.3297106	general_bath_1D.py	2023-07-26@11:27
2L_4b_gen	1.40408	-0.95563444	-1.4486631	4	1.3757488	-0.65220193	1.3757235	-0.6521803	1.6	1	0.4009011	0.41518587	0.40089628	0.4151822	1.0081761	-0.95563444	nan	nan	nan	nan	nan	1.0055452	-0.66695934	nan	nan	nan	nan	-7.072949	R0:N6:S0:1	1.0055452	20a4d9d	v2.1.5	1.40408	general_bath_1D.py	2023-07-26@11:28
2L_4b_gen	1.369296	-0.96408656	0.9309759	4	1.4282347	-0.63657442	1.4282778	-0.63656904	1.6	1	0.40044641	0.41281286	0.40044724	0.41281269	1.003014	-0.96408656	nan	nan	nan	nan	nan	1.0038643	-0.67467391	nan	nan	nan	nan	-7.0179178	R0:N6:S0:1	1.0038643	20a4d9d	v2.1.5	1.369296	general_bath_1D.py	2023-07-26@11:28
2L_4b_gen	1.4800498	-0.97156851	1.1352948	4	1.4081962	-0.68905633	1.4082628	-0.68909342	1.6	1	0.40641171	0.41922063	0.40642454	0.41922978	1.0003994	-0.97156851	nan	nan	nan	nan	nan	0.99899959	-0.68185134	nan	nan	nan	nan	-7.2316666	R0:N6:S0:1	0.99899959	20a4d9d	v2.1.5	1.4800498	general_bath_1D.py	2023-07-26@11:29
2L_4b_gen	1.3895023	-0.96288127	0.86627576	4	1.4006161	-0.64643035	1.4007152	-0.64644215	1.6	1	0.40218654	0.41063326	0.4021941	0.41063124	1.0020643	-0.96288127	nan	nan	nan	nan	nan	1.0017339	-0.67272027	nan	nan	nan	nan	-7.059012	R0:N6:S0:1	1.0017339	20a4d9d	v2.1.5	1.3895023	general_bath_1D.py	2023-07-26@11:29
2L_4b_gen	1.524923	-0.99009541	1.8659293	4	1.4368636	-0.7103016	1.4367531	-0.71044446	1.6	1	0.41186936	0.42195784	0.41187109	0.42200911	0.99995602	-0.99009541	nan	nan	nan	nan	nan	0.99924736	-0.69696676	nan	nan	nan	nan	-7.3283579	R0:N6:S0:1	0.99924736	20a4d9d	v2.1.5	1.524923	general_bath_1D.py	2023-07-26@11:29
2L_4b_gen	1.4172816	-0.97869185	1.5679229	4	1.3904657	-0.65783987	1.3904685	-0.65785132	1.6	1	0.40698979	0.41422346	0.40699134	0.41422404	0.99308678	-0.97869185	nan	nan	nan	nan	nan	0.99348141	-0.68487531	nan	nan	nan	nan	-7.1133641	R0:N6:S0:1	0.99348141	20a4d9d	v2.1.5	1.4172816	general_bath_1D.py	2023-07-26@11:30
2L_4b_gen	1.5090939	-0.97106883	1.7700061	4	1.4123637	-0.70184759	1.4124155	-0.7018579	1.6	1	0.41539187	0.41763148	0.41540397	0.41763426	1.0026452	-0.97106883	nan	nan	nan	nan	nan	1.0006715	-0.67859138	nan	nan	nan	nan	-7.302489	R0:N6:S0:1	1.0006715	20a4d9d	v2.1.5	1.5090939	general_bath_1D.py	2023-07-26@11:30
2L_4b_gen	1.5027018	-0.97517802	1.5270958	4	1.4260972	-0.69937786	1.4260659	-0.69938768	1.6	1	0.4106609	0.42103578	0.4106538	0.42103532	0.99645964	-0.97517802	nan	nan	nan	nan	nan	0.99687114	-0.68247662	nan	nan	nan	nan	-7.2883145	R0:N6:S0:1	0.99687114	20a4d9d	v2.1.5	1.5027018	general_bath_1D.py	2023-07-26@11:31
2L_4b_gen	1.5200981	-0.98257588	0.79734133	4	1.4015615	-0.70772869	1.4014996	-0.70773496	1.6	1	0.41215517	0.41904149	0.41215383	0.41904376	1.0063612	-0.98257588	nan	nan	nan	nan	nan	1.0034894	-0.68995845	nan	nan	nan	nan	-7.3169148	R0:N6:S0:1	1.0034894	20a4d9d	v2.1.5	1.5200981	general_bath_1D.py	2023-07-26@11:31
2L_4b_gen	1.4359304	-0.96644995	1.7578619	4	1.4046198	-0.66716343	1.404706	-0.66722227	1.6	1	0.40429002	0.41873804	0.40431196	0.41875118	1.0062453	-0.96644995	nan	nan	nan	nan	nan	1.0049375	-0.67446471	nan	nan	nan	nan	-7.1467259	R0:N6:S0:1	1.0049375	20a4d9d	v2.1.5	1.4359304	general_bath_1D.py	2023-07-26@11:31
2L_4b_gen	1.3759409	-0.9444735	3.2002945	4	1.3958963	-0.6383895	1.3958903	-0.63843759	1.6	1	0.40156081	0.41401764	0.40156616	0.41402627	0.99775636	-0.9444735	nan	nan	nan	nan	nan	0.99870549	-0.65552177	nan	nan	nan	nan	-7.0353145	R0:N6:S0:1	0.99870549	20a4d9d	v2.1.5	1.3759409	general_bath_1D.py	2023-07-26@11:32
2L_4b_gen	1.5191328	-0.96558795	0.50844934	4	1.4171292	-0.70870119	1.4171678	-0.70869509	1.6	1	0.41011491	0.41775782	0.41012352	0.41775866	1.0014961	-0.96558795	nan	nan	nan	nan	nan	1.0005999	-0.67610034	nan	nan	nan	nan	-7.3254122	R0:N6:S0:1	1.0005999	20a4d9d	v2.1.5	1.5191328	general_bath_1D.py	2023-07-26@11:32
2L_4b_gen	1.571802	-0.96000258	0.94542021	4	1.4397595	-0.73358616	1.4398263	-0.73356963	1.6	1	0.4134514	0.42332319	0.41345697	0.42332295	0.99447663	-0.96000258	nan	nan	nan	nan	nan	0.99407996	-0.66769977	nan	nan	nan	nan	-7.4230194	R0:N6:S0:1	0.99407996	20a4d9d	v2.1.5	1.571802	general_bath_1D.py	2023-07-26@11:33
2L_4b_gen	1.4940613	-0.95373685	1.2432628	4	1.4153547	-0.69470678	1.4154165	-0.69471688	1.6	1	0.41405303	0.41724334	0.41405913	0.41724688	0.99875773	-0.95373685	nan	nan	nan	nan	nan	0.9978022	-0.66313227	nan	nan	nan	nan	-7.2634948	R0:N6:S0:1	0.9978022	20a4d9d	v2.1.5	1.4940613	general_bath_1D.py	2023-07-26@11:33
2L_4b_gen	1.4938408	-0.99551063	1.1771452	4	1.4153547	-0.69470678	1.4154165	-0.69471688	1.7	1	0.41405303	0.41724334	0.41405913	0.41724688	1.0046567	-0.99551063	nan	nan	nan	nan	nan	1.00627	-0.69912524	nan	nan	nan	nan	-7.4669837	R0:N6:S0:1	1.00627	20a4d9d	v2.1.5	1.4938408	general_bath_1D.py	2023-07-26@11:33
2L_4b_gen	1.5807412	-0.98401449	0.91134557	4	1.3669942	-0.73618646	1.3670081	-0.73621313	1.7	1	0.41541485	0.42181595	0.41541844	0.42182563	1.0040168	-0.98401449	nan	nan	nan	nan	nan	1.0045384	-0.68753146	nan	nan	nan	nan	-7.6452915	R0:N6:S0:1	1.0045384	20a4d9d	v2.1.5	1.5807412	general_bath_1D.py	2023-07-26@11:34
2L_4b_gen	1.6987668	-0.98961776	1.3719073	4	1.3907536	-0.79362338	1.3906834	-0.79364686	1.7	1	0.42138013	0.42787026	0.42136741	0.42786725	0.9995814	-0.98961776	nan	nan	nan	nan	nan	0.9989842	-0.69387648	nan	nan	nan	nan	-7.865819	R0:N6:S0:1	0.9989842	20a4d9d	v2.1.5	1.6987668	general_bath_1D.py	2023-07-26@11:34
2L_4b_gen	1.5020474	-0.98809277	0.93751772	4	1.3276597	-0.69972501	1.3276601	-0.69972095	1.7	1	0.4099687	0.41129116	0.40996143	0.41128966	1.0012722	-0.98809277	nan	nan	nan	nan	nan	1.0004666	-0.69143403	nan	nan	nan	nan	-7.4839196	R0:N6:S0:1	1.0004666	20a4d9d	v2.1.5	1.5020474	general_bath_1D.py	2023-07-26@11:35
2L_4b_gen	1.3682381	-0.99619395	1.3424012	4	1.2792842	-0.6357871	1.2792022	-0.6357912	1.7	1	0.40073272	0.40111967	0.40072366	0.40112267	1.002795	-0.99619395	nan	nan	nan	nan	nan	1.0019404	-0.69986176	nan	nan	nan	nan	-7.2102004	R0:N6:S0:1	1.0019404	20a4d9d	v2.1.5	1.3682381	general_bath_1D.py	2023-07-26@11:35
2L_4b_gen	1.6018976	-0.95502355	0.61378342	4	1.3850941	-0.74664044	1.3850918	-0.74665296	1.7	1	0.4172664	0.42260641	0.41726503	0.42260894	0.9976985	-0.95502355	nan	nan	nan	nan	nan	0.99881213	-0.66196117	nan	nan	nan	nan	-7.6801592	R0:N6:S0:1	0.99881213	20a4d9d	v2.1.5	1.6018976	general_bath_1D.py	2023-07-26@11:35
2L_4b_gen	1.7052559	-0.98048978	1.1938156	4	1.3856703	-0.79850458	1.3856602	-0.79851743	1.7	1	0.42088616	0.42293969	0.42088777	0.42294057	1.0006598	-0.98048978	nan	nan	nan	nan	nan	1.0003363	-0.68756906	nan	nan	nan	nan	-7.8840483	R0:N6:S0:1	1.0003363	20a4d9d	v2.1.5	1.7052559	general_bath_1D.py	2023-07-26@11:36
2L_4b_gen	1.7154999	-0.97577485	0.69751119	4	1.3858395	-0.80322136	1.3859149	-0.80324302	1.7	1	0.42103128	0.42456164	0.42104339	0.42457003	0.99648297	-0.97577485	nan	nan	nan	nan	nan	0.99599882	-0.68434447	nan	nan	nan	nan	-7.9052934	R0:N6:S0:1	0.99599882	20a4d9d	v2.1.5	1.7154999	general_bath_1D.py	2023-07-26@11:36
2L_4b_gen	1.7237066	-0.97605774	0.59731978	4	1.40612	-0.8080276	1.4060397	-0.80800152	1.7	1	0.42230573	0.42293218	0.42229174	0.42292649	1.0041456	-0.97605774	nan	nan	nan	nan	nan	1.0026656	-0.68424563	nan	nan	nan	nan	-7.9113528	R0:N6:S0:1	1.0026656	20a4d9d	v2.1.5	1.7237066	general_bath_1D.py	2023-07-26@11:36
2L_4b_gen	1.6129424	-0.99249061	1.13973	4	1.380409	-0.75379811	1.3804082	-0.75378418	1.7	1	0.41509897	0.41985641	0.41509799	0.41985496	1.001186	-0.99249061	nan	nan	nan	nan	nan	1.0016083	-0.6982348	nan	nan	nan	nan	-7.708476	R0:N6:S0:1	1.0016083	20a4d9d	v2.1.5	1.6129424	general_bath_1D.py	2023-07-26@11:37
2L_4b_gen	1.7285849	-0.97746378	0.43695313	4	1.4067071	-0.8085537	1.4067239	-0.80855386	1.7	1	0.4237947	0.42799103	0.42379067	0.42799148	1.0013472	-0.97746378	nan	nan	nan	nan	nan	1.0009975	-0.68325027	nan	nan	nan	nan	-7.9395082	R0:N6:S0:1	1.0009975	20a4d9d	v2.1.5	1.7285849	general_bath_1D.py	2023-07-26@11:37
2L_4b_gen	1.6610396	-0.99256992	0.86579805	4	1.3797766	-0.77643921	1.3797814	-0.77645335	1.7	1	0.41911103	0.42247121	0.41911582	0.42247652	0.99984774	-0.99256992	nan	nan	nan	nan	nan	1.0002011	-0.69712011	nan	nan	nan	nan	-7.8013104	R0:N6:S0:1	1.0002011	20a4d9d	v2.1.5	1.6610396	general_bath_1D.py	2023-07-26@11:38
2L_4b_gen	1.7093028	-0.98197522	0.31143219	4	1.3694998	-0.79924953	1.369571	-0.79923479	1.7	1	0.42113797	0.42568521	0.42114564	0.42568574	1.0039449	-0.98197522	nan	nan	nan	nan	nan	1.0025334	-0.68958259	nan	nan	nan	nan	-7.8994071	R0:N6:S0:1	1.0025334	20a4d9d	v2.1.5	1.7093028	general_bath_1D.py	2023-07-26@11:38
2L_4b_gen	1.6770723	-0.98338503	1.7659946	4	1.3979767	-0.78573587	1.3978436	-0.78572938	1.7	1	0.41731376	0.422199	0.41729249	0.42219528	0.99874484	-0.98338503	nan	nan	nan	nan	nan	0.99967534	-0.69001011	nan	nan	nan	nan	-7.8337823	R0:N6:S0:1	0.99967534	20a4d9d	v2.1.5	1.6770723	general_bath_1D.py	2023-07-26@11:38
2L_4b_gen	1.7422211	-0.97139326	0.78968493	4	1.3872043	-0.81532712	1.3872196	-0.81531033	1.7	1	0.4239942	0.42678073	0.42399581	0.42677459	0.99773427	-0.97139326	nan	nan	nan	nan	nan	0.99740372	-0.67854657	nan	nan	nan	nan	-7.9625817	R0:N6:S0:1	0.99740372	20a4d9d	v2.1.5	1.7422211	general_bath_1D.py	2023-07-26@11:39
2L_4b_gen	1.731557	-0.98072096	1.2294057	4	1.3882086	-0.81118719	1.3881676	-0.81123734	1.7	1	0.42225841	0.42429159	0.42225719	0.42430116	0.99865185	-0.98072096	nan	nan	nan	nan	nan	0.99807296	-0.68803592	nan	nan	nan	nan	-7.9462602	R0:N6:S0:1	0.99807296	20a4d9d	v2.1.5	1.731557	general_bath_1D.py	2023-07-26@11:39
2L_4b_gen	1.7410997	-0.97713044	-2.2753251	4	1.3960854	-0.81555475	1.3960733	-0.81551931	1.7	1	0.42281088	0.42618567	0.42280286	0.42617789	0.99637768	-0.97713044	nan	nan	nan	nan	nan	0.99791459	-0.68369824	nan	nan	nan	nan	-7.9623104	R0:N6:S0:1	0.99791459	20a4d9d	v2.1.5	1.7410997	general_bath_1D.py	2023-07-26@11:40
2L_4b_gen	1.7313444	-0.96454308	0.93340207	4	1.3114543	-0.81146687	1.311485	-0.81148456	1.7	1	0.41728237	0.42130236	0.4172881	0.42130752	0.99366947	-0.96454308	nan	nan	nan	nan	nan	0.99247821	-0.67246266	nan	nan	nan	nan	-7.9412401	R0:N6:S0:1	0.99247821	20a4d9d	v2.1.5	1.7313444	general_bath_1D.py	2023-07-26@11:40
2L_4b_gen	1.7173839	-0.98031167	1.6641793	4	1.3565509	-0.80540874	1.3565117	-0.80540236	1.7	1	0.41945396	0.41972164	0.41944452	0.41971438	0.99375245	-0.98031167	nan	nan	nan	nan	nan	0.99300768	-0.68611634	nan	nan	nan	nan	-7.9001489	R0:N6:S0:1	0.99300768	20a4d9d	v2.1.5	1.7173839	general_bath_1D.py	2023-07-26@11:40
2L_4b_gen	1.6893539	-0.97437446	1.1816148	4	1.3692963	-0.79001934	1.3693713	-0.79004941	1.7	1	0.42241372	0.42067919	0.42241428	0.42068648	1.011763	-0.97437446	nan	nan	nan	nan	nan	1.0086706	-0.67894472	nan	nan	nan	nan	-7.8589807	R0:N6:S0:1	1.0086706	20a4d9d	v2.1.5	1.6893539	general_bath_1D.py	2023-07-26@11:41
2L_4b_gen	1.4091057	-0.98112227	3.0003458	4	1.3030561	-0.65543158	1.303049	-0.65545131	1.7	1	0.40043247	0.4077568	0.40043731	0.40776646	1.0033453	-0.98112227	nan	nan	nan	nan	nan	1.0044752	-0.68395182	nan	nan	nan	nan	-7.300794	R0:N6:S0:1	1.0044752	20a4d9d	v2.1.5	1.4091057	general_bath_1D.py	2023-07-26@11:41
2L_4b_gen	1.6211106	-0.98228844	1.0606868	4	1.3609011	-0.75575927	1.3609342	-0.75579135	1.7	1	0.41796237	0.42247578	0.41796742	0.42248103	1.0014775	-0.98228844	nan	nan	nan	nan	nan	1.0012626	-0.68678381	nan	nan	nan	nan	-7.7271468	R0:N6:S0:1	1.0012626	20a4d9d	v2.1.5	1.6211106	general_bath_1D.py	2023-07-26@11:42
2L_4b_gen	1.6422804	-0.98270002	2.82311	4	1.3563774	-0.76728093	1.3563878	-0.76728981	1.7	1	0.41620497	0.42186991	0.41620725	0.42187212	1.0011203	-0.98270002	nan	nan	nan	nan	nan	1.0016791	-0.6855852	nan	nan	nan	nan	-7.7678241	R0:N6:S0:1	1.0016791	20a4d9d	v2.1.5	1.6422804	general_bath_1D.py	2023-07-26@11:42
2L_4b_gen	1.7218448	-0.99043494	1.9083121	4	1.3740743	-0.80438556	1.3741973	-0.80436188	1.7	1	0.42414455	0.42722211	0.42414963	0.42721282	1.0006411	-0.99043494	nan	nan	nan	nan	nan	0.99893702	-0.69346924	nan	nan	nan	nan	-7.9142768	R0:N6:S0:1	0.99893702	20a4d9d	v2.1.5	1.7218448	general_bath_1D.py	2023-07-26@11:42
2L_4b_gen	1.6292461	-0.9798992	-3.21739	4	1.3870525	-0.75954006	1.3870872	-0.7595356	1.7	1	0.42065739	0.4230347	0.42066209	0.42303336	1.0052585	-0.9798992	nan	nan	nan	nan	nan	1.0044389	-0.68635121	nan	nan	nan	nan	-7.7231463	R0:N6:S0:1	1.0044389	20a4d9d	v2.1.5	1.6292461	general_bath_1D.py	2023-07-26@11:43
2L_4b_gen	1.5984862	-0.97959725	1.8161603	4	1.3773688	-0.7465036	1.377585	-0.74653479	1.7	1	0.41461494	0.41951073	0.41464601	0.41952078	0.99094277	-0.97959725	nan	nan	nan	nan	nan	0.99267228	-0.68559502	nan	nan	nan	nan	-7.6757809	R0:N6:S0:1	0.99267228	20a4d9d	v2.1.5	1.5984862	general_bath_1D.py	2023-07-26@11:43
2L_4b_gen	1.6911656	-0.99461081	0.54003794	4	1.3775993	-0.79089612	1.3776279	-0.79091679	1.7	1	0.42407998	0.42043389	0.42408134	0.4204323	1.0001367	-0.99461081	nan	nan	nan	nan	nan	0.99960311	-0.70035464	nan	nan	nan	nan	-7.8665148	R0:N6:S0:1	0.99960311	20a4d9d	v2.1.5	1.6911656	general_bath_1D.py	2023-07-26@11:44
2L_4b_gen	1.8003917	-0.98997274	1.6836996	4	1.4093904	-0.84385283	1.4092985	-0.84379458	1.7	1	0.42698044	0.43031421	0.42696303	0.43029958	1.0045964	-0.98997274	nan	nan	nan	nan	nan	1.0030664	-0.69285468	nan	nan	nan	nan	-8.0708684	R0:N6:S0:1	1.0030664	20a4d9d	v2.1.5	1.8003917	general_bath_1D.py	2023-07-26@11:44
2L_4b_gen	1.6113935	-0.99454245	0.81443722	4	1.3507583	-0.75072219	1.3507922	-0.75076141	1.7	1	0.41666804	0.42290969	0.41667764	0.42291545	1.0042072	-0.99454245	nan	nan	nan	nan	nan	1.0034709	-0.69648947	nan	nan	nan	nan	-7.6860109	R0:N6:S0:1	1.0034709	20a4d9d	v2.1.5	1.6113935	general_bath_1D.py	2023-07-26@11:44
2L_4b_gen	1.6114355	-0.97558184	0.43974567	4	1.3507583	-0.75072219	1.3507922	-0.75076141	1.8	1	0.41666804	0.42290969	0.41667764	0.42291545	0.99911974	-0.97558184	nan	nan	nan	nan	nan	1.0021999	-0.68075088	nan	nan	nan	nan	-7.8950859	R0:N6:S0:1	1.0021999	20a4d9d	v2.1.5	1.6114355	general_bath_1D.py	2023-07-26@11:45
2L_4b_gen	1.8158016	-0.97124513	0.14851495	4	1.3609438	-0.85272316	1.3607895	-0.85263413	1.8	1	0.42596719	0.42391557	0.42594334	0.42389528	1.0042221	-0.97124513	nan	nan	nan	nan	nan	1.004134	-0.68060548	nan	nan	nan	nan	-8.3052328	R0:N6:S0:1	1.004134	20a4d9d	v2.1.5	1.8158016	general_bath_1D.py	2023-07-26@11:45
2L_4b_gen	1.8786554	-0.97589131	0.96310491	4	1.3751232	-0.88438321	1.3750758	-0.88438905	1.8	1	0.42544158	0.42737661	0.42543416	0.42737351	1.0027463	-0.97589131	nan	nan	nan	nan	nan	1.004068	-0.68310137	nan	nan	nan	nan	-8.4336735	R0:N6:S0:1	1.004068	20a4d9d	v2.1.5	1.8786554	general_bath_1D.py	2023-07-26@11:46
2L_4b_gen	1.9182949	-0.97412472	1.8906745	4	1.3413128	-0.90278639	1.3412277	-0.90272783	1.8	1	0.42783421	0.42892728	0.42781773	0.42891225	1.0024286	-0.97412472	nan	nan	nan	nan	nan	1.0030802	-0.68131348	nan	nan	nan	nan	-8.5184508	R0:N6:S0:1	1.0030802	20a4d9d	v2.1.5	1.9182949	general_bath_1D.py	2023-07-26@11:46
2L_4b_gen	1.9912258	-0.98628246	1.0978832	4	1.3392121	-0.938917	1.3391325	-0.93884314	1.8	1	0.42876109	0.43155225	0.42874672	0.4315394	0.99831502	-0.98628246	nan	nan	nan	nan	nan	0.99767671	-0.69405031	nan	nan	nan	nan	-8.6542421	R0:N6:S0:1	0.99767671	20a4d9d	v2.1.5	1.9912258	general_bath_1D.py	2023-07-26@11:47
2L_4b_gen	1.8828423	-0.97691491	3.5345121	4	1.3404556	-0.88622404	1.3405005	-0.88624459	1.8	1	0.42720256	0.42402202	0.42721525	0.42402584	0.99798168	-0.97691491	nan	nan	nan	nan	nan	0.99939131	-0.68478189	nan	nan	nan	nan	-8.4437706	R0:N6:S0:1	0.99939131	20a4d9d	v2.1.5	1.8828423	general_bath_1D.py	2023-07-26@11:47
2L_4b_gen	2.02628	-0.99608909	-0.41567047	4	1.3408744	-0.95595508	1.3408064	-0.95593874	1.8	1	0.43189513	0.43159001	0.43189005	0.43158468	1.0012754	-0.99608909	nan	nan	nan	nan	nan	0.99947892	-0.70354888	nan	nan	nan	nan	-8.7159698	R0:N6:S0:1	0.99947892	20a4d9d	v2.1.5	2.02628	general_bath_1D.py	2023-07-26@11:47
2L_4b_gen	1.9400589	-0.96476722	1.4335581	4	1.3775718	-0.91345293	1.3775124	-0.91344794	1.8	1	0.43144441	0.42989053	0.43143437	0.42988618	1.0044502	-0.96476722	nan	nan	nan	nan	nan	1.0041339	-0.67342651	nan	nan	nan	nan	-8.5598839	R0:N6:S0:1	1.0041339	20a4d9d	v2.1.5	1.9400589	general_bath_1D.py	2023-07-26@11:48
2L_4b_gen	1.9020043	-0.96631381	1.6659373	4	1.3571706	-0.89555058	1.357114	-0.89558935	1.8	1	0.42607055	0.42778056	0.42606294	0.42778839	1.0067537	-0.96631381	nan	nan	nan	nan	nan	1.0073435	-0.67601823	nan	nan	nan	nan	-8.4879036	R0:N6:S0:1	1.0073435	20a4d9d	v2.1.5	1.9020043	general_bath_1D.py	2023-07-26@11:48
2L_4b_gen	1.9604815	-0.99704994	0.70490689	4	1.3369847	-0.92498993	1.3366086	-0.92492725	1.8	1	0.42390671	0.43055356	0.42384299	0.43053297	0.99712588	-0.99704994	nan	nan	nan	nan	nan	0.99767094	-0.70089893	nan	nan	nan	nan	-8.6052751	R0:N6:S0:1	0.99767094	20a4d9d	v2.1.5	1.9604815	general_bath_1D.py	2023-07-26@11:49
2L_4b_gen	1.9671805	-0.96390978	1.5027237	4	1.3407395	-0.9245967	1.3408042	-0.9245791	1.8	1	0.43357653	0.43321421	0.43358921	0.43321445	0.9953206	-0.96390978	nan	nan	nan	nan	nan	0.99593117	-0.67297487	nan	nan	nan	nan	-8.6169538	R0:N6:S0:1	0.99593117	20a4d9d	v2.1.5	1.9671805	general_bath_1D.py	2023-07-26@11:49
2L_4b_gen	2.0725234	-0.97415884	0.68762351	4	1.3739235	-0.97937433	1.3740044	-0.97938341	1.8	1	0.43440415	0.43251558	0.43441453	0.43251784	1.0079293	-0.97415884	nan	nan	nan	nan	nan	1.0062065	-0.68368122	nan	nan	nan	nan	-8.8167094	R0:N6:S0:1	1.0062065	20a4d9d	v2.1.5	2.0725234	general_bath_1D.py	2023-07-26@11:49
2L_4b_gen	1.9603733	-0.96173137	0.65209579	4	1.3589461	-0.92407391	1.3589873	-0.92408316	1.8	1	0.42663165	0.43200981	0.42663784	0.43201485	1.0038877	-0.96173137	nan	nan	nan	nan	nan	1.0042026	-0.67203768	nan	nan	nan	nan	-8.6014564	R0:N6:S0:1	1.0042026	20a4d9d	v2.1.5	1.9603733	general_bath_1D.py	2023-07-26@11:50
2L_4b_gen	1.9885025	-0.97475669	3.0025742	4	1.3683101	-0.93838458	1.368334	-0.93837447	1.8	1	0.42850404	0.43122992	0.42850368	0.43122954	0.99912022	-0.97475669	nan	nan	nan	nan	nan	1.0002099	-0.68348885	nan	nan	nan	nan	-8.6522041	R0:N6:S0:1	1.0002099	20a4d9d	v2.1.5	1.9885025	general_bath_1D.py	2023-07-26@11:50
2L_4b_gen	2.0049657	-0.98128097	1.0398545	4	1.3425038	-0.9454588	1.3424503	-0.94542114	1.8	1	0.4311264	0.43115249	0.43111754	0.43114296	1.0025398	-0.98128097	nan	nan	nan	nan	nan	1.0024047	-0.68769063	nan	nan	nan	nan	-8.6963847	R0:N6:S0:1	1.0024047	20a4d9d	v2.1.5	2.0049657	general_bath_1D.py	2023-07-26@11:51
2L_4b_gen	2.0063218	-0.98655639	2.1122943	4	1.3247387	-0.94585097	1.3247061	-0.94582058	1.8	1	0.42863975	0.43337033	0.42862742	0.43336059	0.9978847	-0.98655639	nan	nan	nan	nan	nan	0.99773339	-0.69144239	nan	nan	nan	nan	-8.6877299	R0:N6:S0:1	0.99773339	20a4d9d	v2.1.5	2.0063218	general_bath_1D.py	2023-07-26@11:51
2L_4b_gen	1.9516142	-0.98987816	0.90866772	4	1.329169	-0.91820974	1.3290987	-0.91814839	1.8	1	0.43134958	0.42951871	0.4313462	0.42951095	1.0031203	-0.98987816	nan	nan	nan	nan	nan	1.0030878	-0.69250332	nan	nan	nan	nan	-8.5808788	R0:N6:S0:1	1.0030878	20a4d9d	v2.1.5	1.9516142	general_bath_1D.py	2023-07-26@11:51
2L_4b_gen	1.8284924	-0.98225538	1.776994	4	1.2611734	-0.8586634	1.2610757	-0.85865183	1.8	1	0.42101532	0.42219926	0.42100487	0.42219343	1.0049842	-0.98225538	nan	nan	nan	nan	nan	1.0040697	-0.68416879	nan	nan	nan	nan	-8.3403709	R0:N6:S0:1	1.0040697	20a4d9d	v2.1.5	1.8284924	general_bath_1D.py	2023-07-26@11:52
2L_4b_gen	1.8218168	-0.98215664	-1.2288064	4	1.2879062	-0.85466977	1.2878723	-0.85467644	1.8	1	0.42259322	0.42459019	0.42258765	0.424591	1.0027811	-0.98215664	nan	nan	nan	nan	nan	1.001851	-0.68869345	nan	nan	nan	nan	-8.3078183	R0:N6:S0:1	1.001851	20a4d9d	v2.1.5	1.8218168	general_bath_1D.py	2023-07-26@11:52
2L_4b_gen	1.8564493	-0.98017801	0.40361159	4	1.3531303	-0.8731124	1.3531254	-0.87308955	1.8	1	0.42563908	0.42493807	0.42563619	0.42493719	1.0001674	-0.98017801	nan	nan	nan	nan	nan	1.0010663	-0.68942826	nan	nan	nan	nan	-8.394226	R0:N6:S0:1	1.0010663	20a4d9d	v2.1.5	1.8564493	general_bath_1D.py	2023-07-26@11:53
2L_4b_gen	1.9586188	-0.97659899	0.43291372	4	1.3638952	-0.92350288	1.3638153	-0.92347987	1.8	1	0.42910218	0.4288169	0.42908788	0.42880481	0.9976442	-0.97659899	nan	nan	nan	nan	nan	0.99866762	-0.68601792	nan	nan	nan	nan	-8.5941375	R0:N6:S0:1	0.99866762	20a4d9d	v2.1.5	1.9586188	general_bath_1D.py	2023-07-26@11:53
2L_4b_gen	1.9858304	-0.96268674	1.2072996	4	1.3389666	-0.93690139	1.3389431	-0.93687972	1.8	1	0.42973817	0.42798028	0.42973078	0.42797698	0.99893745	-0.96268674	nan	nan	nan	nan	nan	0.99886365	-0.6719127	nan	nan	nan	nan	-8.653206	R0:N6:S0:1	0.99886365	20a4d9d	v2.1.5	1.9858304	general_bath_1D.py	2023-07-26@11:53
2L_4b_gen	1.9858304	-0.96268674	1.2072996	4	1.3389666	-0.93690139	1.3389431	-0.93687972	1.8	1	0.42973817	0.42798028	0.42973078	0.42797698	0.99893745	-0.96268674	nan	nan	nan	nan	nan	0.99886365	-0.6719127	nan	nan	nan	nan	-8.653206	R0:N6:S0:1	0.99886365	20a4d9d	v2.1.5	1.9858304	general_bath_1D.py	2023-07-26@11:53
2L_4b_gen	1.994492	-0.98162096	0.69423127	4	1.3356724	-0.94092143	1.3357008	-0.94096105	1.9	1	0.42919117	0.4292424	0.42919455	0.42925126	1.0013945	-0.98162096	nan	nan	nan	nan	nan	1.0044918	-0.69030911	nan	nan	nan	nan	-8.8612107	R0:N6:S0:1	1.0044918	20a4d9d	v2.1.5	1.994492	general_bath_1D.py	2023-07-26@11:54
2L_4b_gen	2.1176792	-0.97390466	0.92826428	4	1.2798733	-1.0021694	1.279875	-1.0021693	1.9	1	0.43119964	0.42933954	0.43119333	0.42933781	1.0022432	-0.97390466	nan	nan	nan	nan	nan	1.0031944	-0.68218737	nan	nan	nan	nan	-9.11813	R0:N6:S0:1	1.0031944	20a4d9d	v2.1.5	2.1176792	general_bath_1D.py	2023-07-26@11:54
2L_4b_gen	2.2155527	-0.99973522	1.9979221	4	1.2782994	-1.0499706	1.278402	-1.0500168	1.9	1	0.43385799	0.43436417	0.43387453	0.43437981	0.99480597	-0.99973522	nan	nan	nan	nan	nan	0.99510746	-0.70325027	nan	nan	nan	nan	-9.295763	R0:N6:S0:1	0.99510746	20a4d9d	v2.1.5	2.2155527	general_bath_1D.py	2023-07-26@11:55
2L_4b_gen	2.1096259	-0.98959765	1.0402712	4	1.2542802	-0.99579754	1.2541829	-0.99580495	1.9	1	0.43656232	0.42910105	0.43654985	0.42909541	0.99436429	-0.98959765	nan	nan	nan	nan	nan	0.99549019	-0.69414109	nan	nan	nan	nan	-9.1045427	R0:N6:S0:1	0.99549019	20a4d9d	v2.1.5	2.1096259	general_bath_1D.py	2023-07-26@11:55
2L_4b_gen	2.2245877	-0.98877824	1.5280387	4	1.2561614	-1.0533975	1.256244	-1.0534335	1.9	1	0.43734189	0.43281144	0.4373568	0.43282048	0.99921357	-0.98877824	nan	nan	nan	nan	nan	0.99853723	-0.69398698	nan	nan	nan	nan	-9.3250152	R0:N6:S0:1	0.99853723	20a4d9d	v2.1.5	2.2245877	general_bath_1D.py	2023-07-26@11:55
2L_4b_gen	2.1970072	-0.97622572	0.83231651	4	1.2640443	-1.0398767	1.2638414	-1.0398031	1.9	1	0.43544782	0.43387955	0.43541096	0.43385462	0.99810196	-0.97622572	nan	nan	nan	nan	nan	0.99927657	-0.68165138	nan	nan	nan	nan	-9.2773665	R0:N6:S0:1	0.99927657	20a4d9d	v2.1.5	2.1970072	general_bath_1D.py	2023-07-26@11:56
2L_4b_gen	2.2792969	-0.97996274	0.27035351	4	1.2438269	-1.0805183	1.2438212	-1.0804983	1.9	1	0.43590923	0.43612114	0.43591124	0.43611838	1.0047994	-0.97996274	nan	nan	nan	nan	nan	1.0025207	-0.68836233	nan	nan	nan	nan	-9.4290625	R0:N6:S0:1	1.0025207	20a4d9d	v2.1.5	2.2792969	general_bath_1D.py	2023-07-26@11:56
2L_4b_gen	2.156208	-0.99072443	1.6565404	4	1.2752597	-1.02139	1.2751758	-1.0214155	1.9	1	0.43047817	0.43189816	0.43047367	0.43190101	0.99959181	-0.99072443	nan	nan	nan	nan	nan	1.0008291	-0.69573567	nan	nan	nan	nan	-9.1954785	R0:N6:S0:1	1.0008291	20a4d9d	v2.1.5	2.156208	general_bath_1D.py	2023-07-26@11:57
2L_4b_gen	2.2284682	-1.0031455	1.8203915	4	1.2592818	-1.0546662	1.2591566	-1.0545998	1.9	1	0.43667197	0.43641549	0.43664496	0.43640184	0.99746791	-1.0031455	nan	nan	nan	nan	nan	0.99768985	-0.70625842	nan	nan	nan	nan	-9.3398751	R0:N6:S0:1	0.99768985	20a4d9d	v2.1.5	2.2284682	general_bath_1D.py	2023-07-26@11:57
2L_4b_gen	2.2182454	-0.97726358	1.9032526	4	1.2488076	-1.0494294	1.2488192	-1.0494112	1.9	1	0.43645483	0.43542669	0.43644856	0.43542306	1.007417	-0.97726358	nan	nan	nan	nan	nan	1.0052919	-0.68256754	nan	nan	nan	nan	-9.3261367	R0:N6:S0:1	1.0052919	20a4d9d	v2.1.5	2.2182454	general_bath_1D.py	2023-07-26@11:58
2L_4b_gen	2.1036969	-0.97466694	0.58825717	4	1.2857482	-0.9943872	1.2857437	-0.99443206	1.9	1	0.43088981	0.43200388	0.43089852	0.4320075	1.0019287	-0.97466694	nan	nan	nan	nan	nan	1.0032887	-0.68048806	nan	nan	nan	nan	-9.0887625	R0:N6:S0:1	1.0032887	20a4d9d	v2.1.5	2.1036969	general_bath_1D.py	2023-07-26@11:58
2L_4b_gen	2.1931201	-0.97337777	1.5016158	4	1.2702482	-1.0378138	1.2703637	-1.0378497	1.9	1	0.43403682	0.43553665	0.434057	0.4355473	0.99947173	-0.97337777	nan	nan	nan	nan	nan	1.0013809	-0.67901156	nan	nan	nan	nan	-9.2656416	R0:N6:S0:1	1.0013809	20a4d9d	v2.1.5	2.1931201	general_bath_1D.py	2023-07-26@11:58
2L_4b_gen	2.1779523	-0.97538529	3.258327	4	1.1485545	-1.032527	1.1484895	-1.0325399	1.9	1	0.42142886	0.42972834	0.42142086	0.42972312	1.0014371	-0.97538529	nan	nan	nan	nan	nan	1.0000092	-0.68013216	nan	nan	nan	nan	-9.2387161	R0:N6:S0:1	1.0000092	20a4d9d	v2.1.5	2.1779523	general_bath_1D.py	2023-07-26@11:59
2L_4b_gen	2.1732514	-0.96939194	0.4295039	4	1.2367953	-1.0286333	1.2368066	-1.0286635	1.9	1	0.43104534	0.43232968	0.43104667	0.43233571	0.99820245	-0.96939194	nan	nan	nan	nan	nan	0.99753606	-0.67688775	nan	nan	nan	nan	-9.2187202	R0:N6:S0:1	0.99753606	20a4d9d	v2.1.5	2.1732514	general_bath_1D.py	2023-07-26@11:59
2L_4b_gen	2.1615227	-0.97500512	1.11072	4	1.2820948	-1.0234583	1.2820235	-1.0234587	1.9	1	0.43388578	0.43086683	0.43387061	0.43086506	0.99671785	-0.97500512	nan	nan	nan	nan	nan	0.99800192	-0.68246832	nan	nan	nan	nan	-9.1981253	R0:N6:S0:1	0.99800192	20a4d9d	v2.1.5	2.1615227	general_bath_1D.py	2023-07-26@12:00
2L_4b_gen	2.2433439	-0.95573743	0.34571125	4	1.2609645	-1.0632189	1.2609532	-1.0631487	1.9	1	0.43581899	0.43428571	0.43581019	0.43427336	1.0013628	-0.95573743	nan	nan	nan	nan	nan	1.0008695	-0.66604935	nan	nan	nan	nan	-9.3685539	R0:N6:S0:1	1.0008695	20a4d9d	v2.1.5	2.2433439	general_bath_1D.py	2023-07-26@12:00
2L_4b_gen	2.2661444	-0.96843838	0.6428098	4	1.2788275	-1.0760462	1.2786034	-1.0758142	1.9	1	0.43321209	0.43491829	0.43316393	0.4348674	0.99791364	-0.96843838	nan	nan	nan	nan	nan	0.99800436	-0.677772	nan	nan	nan	nan	-9.4141365	R0:N6:S0:1	0.99800436	20a4d9d	v2.1.5	2.2661444	general_bath_1D.py	2023-07-26@12:00
2L_4b_gen	2.2338823	-0.96339853	1.3105506	4	1.2768048	-1.0589926	1.2768758	-1.0590537	1.9	1	0.43575269	0.43327051	0.43577143	0.4332847	0.99804737	-0.96339853	nan	nan	nan	nan	nan	0.99890698	-0.67382298	nan	nan	nan	nan	-9.3561867	R0:N6:S0:1	0.99890698	20a4d9d	v2.1.5	2.2338823	general_bath_1D.py	2023-07-26@12:01
2L_4b_gen	2.3314881	-0.98881201	1.3478803	4	1.2767722	-1.107807	1.2768045	-1.1078131	1.9	1	0.43671065	0.43644584	0.43672014	0.43645005	1.0075315	-0.98881201	nan	nan	nan	nan	nan	1.0057445	-0.69732743	nan	nan	nan	nan	-9.5402602	R0:N6:S0:1	1.0057445	20a4d9d	v2.1.5	2.3314881	general_bath_1D.py	2023-07-26@12:01
2L_4b_gen	2.2229982	-0.98421645	2.1765282	4	1.2817825	-1.0533071	1.281767	-1.053341	1.9	1	0.43267364	0.43730325	0.43267505	0.4373195	1.0080101	-0.98421645	nan	nan	nan	nan	nan	1.0082075	-0.69066807	nan	nan	nan	nan	-9.3346891	R0:N6:S0:1	1.0082075	20a4d9d	v2.1.5	2.2229982	general_bath_1D.py	2023-07-26@12:02
2L_4b_gen	2.2310105	-0.99847235	3.553846	4	1.2697351	-1.0564251	1.2697949	-1.0564122	1.9	1	0.43273373	0.43944284	0.43274378	0.43944127	0.99686935	-0.99847235	nan	nan	nan	nan	nan	0.99837374	-0.70304509	nan	nan	nan	nan	-9.340223	R0:N6:S0:1	0.99837374	20a4d9d	v2.1.5	2.2310105	general_bath_1D.py	2023-07-26@12:02
2L_4b_gen	2.1953612	-0.98681329	0.70325072	4	1.2333686	-1.0389955	1.2333699	-1.0390605	1.9	1	0.43422612	0.43223492	0.43422644	0.4322422	0.9976387	-0.98681329	nan	nan	nan	nan	nan	0.99753702	-0.6897384	nan	nan	nan	nan	-9.2680011	R0:N6:S0:1	0.99753702	20a4d9d	v2.1.5	2.1953612	general_bath_1D.py	2023-07-26@12:02
2L_4b_gen	2.1953612	-0.98681329	0.70325072	4	1.2333686	-1.0389955	1.2333699	-1.0390605	1.9	1	0.43422612	0.43223492	0.43422644	0.4322422	0.9976387	-0.98681329	nan	nan	nan	nan	nan	0.99753702	-0.6897384	nan	nan	nan	nan	-9.2680011	R0:N6:S0:1	0.99753702	20a4d9d	v2.1.5	2.1953612	general_bath_1D.py	2023-07-26@12:02
