model	E_kin	U	eb1_1	eb2_1	eb3_1	eb4_1	mu	t	tb1_1	tb2_1	tb3_1	tb4_1	ave_mu	ave_t	ave_U_1	ave_eb1_1	ave_eb2_1	ave_eb3_1	ave_eb4_1	ave_mu_1	ave_t_1	ave_tb1_1	ave_tb2_1	ave_tb3_1	ave_tb4_1	E0_1	sector_1	n_1	githash	version	script	time	
2L_4b_gen	-0.95805448	4	1.3133194	-0.92430337	1.3133423	-0.92433447	1	1	0.42519886	0.42648984	0.42519751	0.42649277	0.85857883	-0.95805448	nan	nan	nan	nan	nan	0.95620939	-0.66798928	nan	nan	nan	nan	-7.0449602	R0:N6:S0:1	0.95620939	20a4d9d	v2.1.5	general_bath_1D.py	2023-07-27@12:16
2L_4b_gen	-0.99491049	4	0.33403017	-0.22739725	0.33740219	-0.22971501	1	1	0.2710477	0.34256467	0.27214894	0.34294289	0.86050577	-0.99491049	nan	nan	nan	nan	nan	0.90568435	-0.61276841	nan	nan	nan	nan	-4.2158447	R0:N6:S0:1	0.90568435	20a4d9d	v2.1.5	general_bath_1D.py	2023-07-27@12:17
2L_4b_gen	-1.0108143	4	0.33606845	-0.20212144	0.32984373	-0.20331182	1	1	0.3170414	0.32982536	0.31652554	0.32938533	0.86122685	-1.0108143	nan	nan	nan	nan	nan	0.89200929	-0.60450205	nan	nan	nan	nan	-4.1892549	R0:N6:S0:1	0.89200929	20a4d9d	v2.1.5	general_bath_1D.py	2023-07-27@12:18
2L_4b_gen	-1.0091191	4	0.34988737	-0.19887994	0.34037084	-0.19765201	1	1	0.32682619	0.32857239	0.32549141	0.32746479	0.86072171	-1.0091191	nan	nan	nan	nan	nan	0.89203128	-0.60197428	nan	nan	nan	nan	-4.1836263	R0:N6:S0:1	0.89203128	20a4d9d	v2.1.5	general_bath_1D.py	2023-07-27@12:19
2L_4b_gen	-1.0088451	4	0.35235623	-0.19783635	0.34369968	-0.19704257	1	1	0.3274858	0.32870659	0.32634376	0.32773425	0.85954474	-1.0088451	nan	nan	nan	nan	nan	0.8912937	-0.6017721	nan	nan	nan	nan	-4.1811301	R0:N6:S0:1	0.8912937	20a4d9d	v2.1.5	general_bath_1D.py	2023-07-27@12:20
2L_4b_gen	-1.0063724	4	0.35064923	-0.19722097	0.34278552	-0.19681258	1	1	0.32818788	0.32770499	0.32721688	0.32684926	0.8592964	-1.0063724	nan	nan	nan	nan	nan	0.88955	-0.59875515	nan	nan	nan	nan	-4.180268	R0:N6:S0:1	0.88955	20a4d9d	v2.1.5	general_bath_1D.py	2023-07-27@12:21
2L_4b_gen	-1.0102576	4	0.35903354	-0.19599854	0.3511182	-0.19550101	1	1	0.33020943	0.32637296	0.32922592	0.3254958	0.86119	-1.0102576	nan	nan	nan	nan	nan	0.89397821	-0.60506019	nan	nan	nan	nan	-4.1732418	R0:N6:S0:1	0.89397821	20a4d9d	v2.1.5	general_bath_1D.py	2023-07-27@12:21
2L_4b_gen	-1.0079593	4	0.34998283	-0.19799941	0.34048414	-0.19719204	1	1	0.32571327	0.32940128	0.32445485	0.32836733	0.8606595	-1.0079593	nan	nan	nan	nan	nan	0.89245316	-0.60086957	nan	nan	nan	nan	-4.1801762	R0:N6:S0:1	0.89245316	20a4d9d	v2.1.5	general_bath_1D.py	2023-07-27@12:22
2L_4b_gen	-1.0122482	4	0.3505784	-0.19736076	0.3419382	-0.19691927	1	1	0.32729404	0.32839121	0.32621586	0.32746505	0.86039234	-1.0122482	nan	nan	nan	nan	nan	0.89192811	-0.60417378	nan	nan	nan	nan	-4.1799569	R0:N6:S0:1	0.89192811	20a4d9d	v2.1.5	general_bath_1D.py	2023-07-27@12:23
2L_4b_gen	-1.0104089	4	0.34960609	-0.1976921	0.34057027	-0.19674174	1	1	0.32769612	0.32870517	0.32647249	0.32767583	0.86044862	-1.0104089	nan	nan	nan	nan	nan	0.89212817	-0.60242486	nan	nan	nan	nan	-4.1819467	R0:N6:S0:1	0.89212817	20a4d9d	v2.1.5	general_bath_1D.py	2023-07-27@12:24
2L_4b_gen	-1.0117916	4	0.34820296	-0.1977217	0.33925529	-0.19727237	1	1	0.32655147	0.32929787	0.32542882	0.32834891	0.86006326	-1.0117916	nan	nan	nan	nan	nan	0.89151552	-0.60279298	nan	nan	nan	nan	-4.1823626	R0:N6:S0:1	0.89151552	20a4d9d	v2.1.5	general_bath_1D.py	2023-07-27@12:25
2L_4b_gen	-1.0098968	4	0.35079001	-0.19562221	0.3413809	-0.19509233	1	1	0.32861963	0.32789123	0.32745399	0.32685859	0.86126591	-1.0098968	nan	nan	nan	nan	nan	0.89184693	-0.60064599	nan	nan	nan	nan	-4.1747367	R0:N6:S0:1	0.89184693	20a4d9d	v2.1.5	general_bath_1D.py	2023-07-27@12:26
2L_4b_gen	-1.0084559	4	0.35745669	-0.1985255	0.35012236	-0.1976889	1	1	0.33009756	0.32854995	0.32910735	0.32769231	0.85992041	-1.0084559	nan	nan	nan	nan	nan	0.89204067	-0.60211325	nan	nan	nan	nan	-4.1863597	R0:N6:S0:1	0.89204067	20a4d9d	v2.1.5	general_bath_1D.py	2023-07-27@12:26
2L_4b_gen	-1.0080459	4	0.35020862	-0.19700539	0.34065027	-0.19648885	1	1	0.32687073	0.32807776	0.32567575	0.32705477	0.86001722	-1.0080459	nan	nan	nan	nan	nan	0.89035633	-0.60101685	nan	nan	nan	nan	-4.1771074	R0:N6:S0:1	0.89035633	20a4d9d	v2.1.5	general_bath_1D.py	2023-07-27@12:27
2L_4b_gen	-1.0104187	4	0.35825179	-0.19827848	0.34966902	-0.19738453	1	1	0.32956648	0.32724442	0.32842125	0.32625678	0.8606095	-1.0104187	nan	nan	nan	nan	nan	0.89351255	-0.60574415	nan	nan	nan	nan	-4.1814968	R0:N6:S0:1	0.89351255	20a4d9d	v2.1.5	general_bath_1D.py	2023-07-27@12:28
2L_4b_gen	-1.0131504	4	0.34297111	-0.19727485	0.33336095	-0.19716533	1	1	0.32499515	0.32766838	0.32385669	0.32669226	0.86085887	-1.0131504	nan	nan	nan	nan	nan	0.89055625	-0.60480416	nan	nan	nan	nan	-4.1779031	R0:N6:S0:1	0.89055625	20a4d9d	v2.1.5	general_bath_1D.py	2023-07-27@12:29
2L_4b_gen	-1.0095059	4	0.35348769	-0.19849378	0.34381865	-0.19686352	1	1	0.32870347	0.32771589	0.32729181	0.32652732	0.86053263	-1.0095059	nan	nan	nan	nan	nan	0.89232504	-0.60200974	nan	nan	nan	nan	-4.1819256	R0:N6:S0:1	0.89232504	20a4d9d	v2.1.5	general_bath_1D.py	2023-07-27@12:30

model	omega	E_kin	E_pot	U	eb1_1	eb2_1	eb3_1	eb4_1	mu	t	tb1_1	tb2_1	tb3_1	tb4_1	ave_mu	ave_t	ave_U_1	ave_eb1_1	ave_eb2_1	ave_eb3_1	ave_eb4_1	ave_mu_1	ave_t_1	ave_tb1_1	ave_tb2_1	ave_tb3_1	ave_tb4_1	E0_1	sector_1	n_1	githash	version	script	time	
2L_4b_gen	0.50732753	-1.0095059	0.30156468	4	0.35348769	-0.19849378	0.34381865	-0.19686352	1	1	0.32870347	0.32771589	0.32729181	0.32652732	0.86053263	-1.0095059	nan	nan	nan	nan	nan	0.89232504	-0.60200974	nan	nan	nan	nan	-4.1819256	R0:N6:S0:1	0.89232504	20a4d9d	v2.1.5	general_bath_1D.py	2023-07-27@12:30

model	E_kin	U	eb1_1	eb2_1	eb3_1	eb4_1	mu	t	tb1_1	tb2_1	tb3_1	tb4_1	ave_mu	ave_t	ave_U_1	ave_eb1_1	ave_eb2_1	ave_eb3_1	ave_eb4_1	ave_mu_1	ave_t_1	ave_tb1_1	ave_tb2_1	ave_tb3_1	ave_tb4_1	E0_1	sector_1	n_1	githash	version	script	time	
2L_4b_gen	-1.0100322	4	0.3524516	-0.19729198	0.34467057	-0.19676253	1.025	1	0.32853584	0.32851896	0.32755616	0.32765396	0.86611985	-1.0100322	nan	nan	nan	nan	nan	0.89693123	-0.60298026	nan	nan	nan	nan	-4.2262154	R0:N6:S0:1	0.89693123	20a4d9d	v2.1.5	general_bath_1D.py	2023-07-27@12:31
2L_4b_gen	-1.0069193	4	0.35702066	-0.20102494	0.35015077	-0.19902428	1.025	1	0.32540246	0.33115568	0.32421603	0.3302444	0.86442374	-1.0069193	nan	nan	nan	nan	nan	0.8961063	-0.60207462	nan	nan	nan	nan	-4.2329568	R0:N6:S0:1	0.8961063	20a4d9d	v2.1.5	general_bath_1D.py	2023-07-27@12:32
2L_4b_gen	-1.007679	4	0.36339461	-0.19863613	0.35664075	-0.19729978	1.025	1	0.3281594	0.32796634	0.32714372	0.32712607	0.86534311	-1.007679	nan	nan	nan	nan	nan	0.89654067	-0.60573378	nan	nan	nan	nan	-4.2226697	R0:N6:S0:1	0.89654067	20a4d9d	v2.1.5	general_bath_1D.py	2023-07-27@12:32
2L_4b_gen	-1.0074919	4	0.36586289	-0.20408915	0.35961566	-0.20187331	1.025	1	0.32614737	0.32992778	0.32499863	0.3290439	0.86610159	-1.0074919	nan	nan	nan	nan	nan	0.89863823	-0.60750408	nan	nan	nan	nan	-4.239382	R0:N6:S0:1	0.89863823	20a4d9d	v2.1.5	general_bath_1D.py	2023-07-27@12:33
2L_4b_gen	-1.0057451	4	0.36313462	-0.20382376	0.35619908	-0.20176304	1.025	1	0.32452419	0.33007638	0.32330932	0.32916162	0.86475593	-1.0057451	nan	nan	nan	nan	nan	0.89727193	-0.60547417	nan	nan	nan	nan	-4.2366844	R0:N6:S0:1	0.89727193	20a4d9d	v2.1.5	general_bath_1D.py	2023-07-27@12:34
2L_4b_gen	-1.0109716	4	0.36314513	-0.20290387	0.35658324	-0.20119544	1.025	1	0.32498591	0.32987113	0.32389688	0.32903464	0.86590649	-1.0109716	nan	nan	nan	nan	nan	0.8985562	-0.61022872	nan	nan	nan	nan	-4.2346724	R0:N6:S0:1	0.8985562	20a4d9d	v2.1.5	general_bath_1D.py	2023-07-27@12:35
2L_4b_gen	-1.0077549	4	0.36071269	-0.20320274	0.35330038	-0.20104376	1.025	1	0.32455884	0.3300395	0.32327334	0.32906598	0.86587645	-1.0077549	nan	nan	nan	nan	nan	0.8976531	-0.60662216	nan	nan	nan	nan	-4.2353154	R0:N6:S0:1	0.8976531	20a4d9d	v2.1.5	general_bath_1D.py	2023-07-27@12:36
2L_4b_gen	-1.0055559	4	0.36523194	-0.20550887	0.35919748	-0.20336974	1.025	1	0.32515211	0.33116222	0.32403596	0.33032265	0.86513901	-1.0055559	nan	nan	nan	nan	nan	0.89720318	-0.60549501	nan	nan	nan	nan	-4.2450608	R0:N6:S0:1	0.89720318	20a4d9d	v2.1.5	general_bath_1D.py	2023-07-27@12:37
2L_4b_gen	-1.0050619	4	0.36829692	-0.20437958	0.36210632	-0.20254607	1.025	1	0.32585407	0.32991379	0.3247845	0.32909528	0.86518156	-1.0050619	nan	nan	nan	nan	nan	0.89810619	-0.6057798	nan	nan	nan	nan	-4.2394013	R0:N6:S0:1	0.89810619	20a4d9d	v2.1.5	general_bath_1D.py	2023-07-27@12:37
2L_4b_gen	-1.0049473	4	0.36537412	-0.20387063	0.35914623	-0.20227425	1.025	1	0.32513328	0.33013203	0.32410098	0.32934892	0.866576	-1.0049473	nan	nan	nan	nan	nan	0.89922187	-0.6054458	nan	nan	nan	nan	-4.23819	R0:N6:S0:1	0.89922187	20a4d9d	v2.1.5	general_bath_1D.py	2023-07-27@12:38
2L_4b_gen	-1.0089506	4	0.36551493	-0.20511821	0.35952441	-0.20332852	1.025	1	0.32412001	0.33120229	0.32307236	0.33041938	0.86543922	-1.0089506	nan	nan	nan	nan	nan	0.89851561	-0.60865965	nan	nan	nan	nan	-4.242209	R0:N6:S0:1	0.89851561	20a4d9d	v2.1.5	general_bath_1D.py	2023-07-27@12:39
2L_4b_gen	-1.0063532	4	0.3634416	-0.20271226	0.35651544	-0.20077423	1.025	1	0.32555591	0.32954506	0.3243827	0.32863546	0.86562933	-1.0063532	nan	nan	nan	nan	nan	0.89794368	-0.60578033	nan	nan	nan	nan	-4.2338686	R0:N6:S0:1	0.89794368	20a4d9d	v2.1.5	general_bath_1D.py	2023-07-27@12:40
2L_4b_gen	-1.0097979	4	0.36336916	-0.20360664	0.35720687	-0.2020228	1.025	1	0.32506347	0.32997268	0.32404406	0.32918918	0.86592371	-1.0097979	nan	nan	nan	nan	nan	0.89800623	-0.60903215	nan	nan	nan	nan	-4.2378442	R0:N6:S0:1	0.89800623	20a4d9d	v2.1.5	general_bath_1D.py	2023-07-27@12:41
2L_4b_gen	-1.0040496	4	0.3671658	-0.20603992	0.36151926	-0.20396442	1.025	1	0.32516355	0.33175265	0.32410283	0.33096008	0.86474475	-1.0040496	nan	nan	nan	nan	nan	0.89745629	-0.60309404	nan	nan	nan	nan	-4.2474832	R0:N6:S0:1	0.89745629	20a4d9d	v2.1.5	general_bath_1D.py	2023-07-27@12:42
2L_4b_gen	-1.0084537	4	0.37413013	-0.20255996	0.3683258	-0.20109972	1.025	1	0.32790918	0.32998692	0.32696834	0.3292411	0.86496139	-1.0084537	nan	nan	nan	nan	nan	0.89934376	-0.60986307	nan	nan	nan	nan	-4.2350781	R0:N6:S0:1	0.89934376	20a4d9d	v2.1.5	general_bath_1D.py	2023-07-27@12:43
2L_4b_gen	-1.0072904	4	0.35916791	-0.20372178	0.35133541	-0.20184387	1.025	1	0.32297016	0.33095462	0.32167379	0.32999443	0.86611167	-1.0072904	nan	nan	nan	nan	nan	0.89839059	-0.60656381	nan	nan	nan	nan	-4.2367248	R0:N6:S0:1	0.89839059	20a4d9d	v2.1.5	general_bath_1D.py	2023-07-27@12:44
2L_4b_gen	-1.0126196	4	0.35901394	-0.20471213	0.3522231	-0.20262318	1.025	1	0.32390605	0.33055136	0.3227004	0.32965176	0.86476116	-1.0126196	nan	nan	nan	nan	nan	0.89624685	-0.61020643	nan	nan	nan	nan	-4.2414217	R0:N6:S0:1	0.89624685	20a4d9d	v2.1.5	general_bath_1D.py	2023-07-27@12:45

model	omega	E_kin	E_pot	U	eb1_1	eb2_1	eb3_1	eb4_1	mu	t	tb1_1	tb2_1	tb3_1	tb4_1	ave_mu	ave_t	ave_U_1	ave_eb1_1	ave_eb2_1	ave_eb3_1	ave_eb4_1	ave_mu_1	ave_t_1	ave_tb1_1	ave_tb2_1	ave_tb3_1	ave_tb4_1	E0_1	sector_1	n_1	githash	version	script	time	
2L_4b_gen	0.51550917	-1.0126196	0.30906244	4	0.35901394	-0.20471213	0.3522231	-0.20262318	1.025	1	0.32390605	0.33055136	0.3227004	0.32965176	0.86476116	-1.0126196	nan	nan	nan	nan	nan	0.89624685	-0.61020643	nan	nan	nan	nan	-4.2414217	R0:N6:S0:1	0.89624685	20a4d9d	v2.1.5	general_bath_1D.py	2023-07-27@12:45

model	E_kin	U	eb1_1	eb2_1	eb3_1	eb4_1	mu	t	tb1_1	tb2_1	tb3_1	tb4_1	ave_mu	ave_t	ave_U_1	ave_eb1_1	ave_eb2_1	ave_eb3_1	ave_eb4_1	ave_mu_1	ave_t_1	ave_tb1_1	ave_tb2_1	ave_tb3_1	ave_tb4_1	E0_1	sector_1	n_1	githash	version	script	time	
2L_4b_gen	-1.0083137	4	0.36564127	-0.20350088	0.35841486	-0.20104374	1.05	1	0.32715949	0.32958884	0.32585514	0.32857511	0.87127356	-1.0083137	nan	nan	nan	nan	nan	0.90212804	-0.60881609	nan	nan	nan	nan	-4.2831484	R0:N6:S0:1	0.90212804	20a4d9d	v2.1.5	general_bath_1D.py	2023-07-27@12:46
2L_4b_gen	-1.0052998	4	0.37284099	-0.20855161	0.36938457	-0.20575713	1.05	1	0.32272679	0.33292774	0.3217776	0.3322485	0.8702177	-1.0052998	nan	nan	nan	nan	nan	0.90464997	-0.60933745	nan	nan	nan	nan	-4.2950371	R0:N6:S0:1	0.90464997	20a4d9d	v2.1.5	general_bath_1D.py	2023-07-27@12:46
2L_4b_gen	-1.0115867	4	0.36774544	-0.20597872	0.36204188	-0.20348084	1.05	1	0.32097909	0.33248109	0.31981515	0.33165626	0.87116098	-1.0115867	nan	nan	nan	nan	nan	0.90536236	-0.61484581	nan	nan	nan	nan	-4.2838056	R0:N6:S0:1	0.90536236	20a4d9d	v2.1.5	general_bath_1D.py	2023-07-27@12:47
2L_4b_gen	-1.0067843	4	0.36334784	-0.20729341	0.35792673	-0.20420273	1.05	1	0.32006244	0.33320899	0.31880217	0.33233744	0.87034853	-1.0067843	nan	nan	nan	nan	nan	0.90306875	-0.60928968	nan	nan	nan	nan	-4.2887797	R0:N6:S0:1	0.90306875	20a4d9d	v2.1.5	general_bath_1D.py	2023-07-27@12:48
2L_4b_gen	-1.0045054	4	0.36968646	-0.20663097	0.36483921	-0.20390553	1.05	1	0.32216769	0.3318519	0.32106808	0.33106528	0.87171238	-1.0045054	nan	nan	nan	nan	nan	0.90570006	-0.60904077	nan	nan	nan	nan	-4.28628	R0:N6:S0:1	0.90570006	20a4d9d	v2.1.5	general_bath_1D.py	2023-07-27@12:49
2L_4b_gen	-1.0066702	4	0.36754255	-0.207703	0.36249052	-0.20503541	1.05	1	0.31934402	0.33372528	0.31821562	0.33294248	0.87085673	-1.0066702	nan	nan	nan	nan	nan	0.90495312	-0.61062786	nan	nan	nan	nan	-4.2887147	R0:N6:S0:1	0.90495312	20a4d9d	v2.1.5	general_bath_1D.py	2023-07-27@12:50
2L_4b_gen	-1.0060884	4	0.36810232	-0.20742011	0.36302737	-0.20477022	1.05	1	0.32098821	0.3327737	0.31985928	0.3319844	0.87128006	-1.0060884	nan	nan	nan	nan	nan	0.90625003	-0.60910398	nan	nan	nan	nan	-4.2891176	R0:N6:S0:1	0.90625003	20a4d9d	v2.1.5	general_bath_1D.py	2023-07-27@12:51
2L_4b_gen	-1.0060119	4	0.36555372	-0.2065614	0.35974813	-0.20406869	1.05	1	0.31990641	0.33470052	0.31870804	0.33387758	0.87107013	-1.0060119	nan	nan	nan	nan	nan	0.90459641	-0.60837119	nan	nan	nan	nan	-4.288414	R0:N6:S0:1	0.90459641	20a4d9d	v2.1.5	general_bath_1D.py	2023-07-27@12:51
2L_4b_gen	-1.0062634	4	0.36569082	-0.20735037	0.36079413	-0.20495914	1.05	1	0.32157311	0.33201435	0.32053216	0.33126447	0.87233026	-1.0062634	nan	nan	nan	nan	nan	0.90530008	-0.60951257	nan	nan	nan	nan	-4.2904923	R0:N6:S0:1	0.90530008	20a4d9d	v2.1.5	general_bath_1D.py	2023-07-27@12:52
2L_4b_gen	-1.0094044	4	0.3697574	-0.20857094	0.36564762	-0.20600337	1.05	1	0.32064578	0.33364252	0.31965172	0.33294772	0.87064576	-1.0094044	nan	nan	nan	nan	nan	0.90583438	-0.61329472	nan	nan	nan	nan	-4.2937884	R0:N6:S0:1	0.90583438	20a4d9d	v2.1.5	general_bath_1D.py	2023-07-27@12:53
2L_4b_gen	-1.0063792	4	0.3607353	-0.20601395	0.35445259	-0.20320341	1.05	1	0.3192024	0.33323392	0.31789276	0.33233103	0.87044987	-1.0063792	nan	nan	nan	nan	nan	0.90376872	-0.60825995	nan	nan	nan	nan	-4.2839865	R0:N6:S0:1	0.90376872	20a4d9d	v2.1.5	general_bath_1D.py	2023-07-27@12:54
2L_4b_gen	-1.0088428	4	0.36499079	-0.20505406	0.35921772	-0.20223417	1.05	1	0.32125267	0.33203654	0.320015	0.33116147	0.87057079	-1.0088428	nan	nan	nan	nan	nan	0.90441248	-0.61052582	nan	nan	nan	nan	-4.2807375	R0:N6:S0:1	0.90441248	20a4d9d	v2.1.5	general_bath_1D.py	2023-07-27@12:55
2L_4b_gen	-1.0043205	4	0.36891016	-0.20478194	0.36370273	-0.20219551	1.05	1	0.32202651	0.33299247	0.3209063	0.33219057	0.8706445	-1.0043205	nan	nan	nan	nan	nan	0.90433756	-0.60821885	nan	nan	nan	nan	-4.2816256	R0:N6:S0:1	0.90433756	20a4d9d	v2.1.5	general_bath_1D.py	2023-07-27@12:56
2L_4b_gen	-1.0063232	4	0.37044978	-0.20579488	0.36462977	-0.2032107	1.05	1	0.32086222	0.33198458	0.31966593	0.33113471	0.87163806	-1.0063232	nan	nan	nan	nan	nan	0.90539378	-0.61202225	nan	nan	nan	nan	-4.2805235	R0:N6:S0:1	0.90539378	20a4d9d	v2.1.5	general_bath_1D.py	2023-07-27@12:57
2L_4b_gen	-1.0047965	4	0.37049096	-0.20860559	0.36619729	-0.20578149	1.05	1	0.32017518	0.33279633	0.3191058	0.33205807	0.87299202	-1.0047965	nan	nan	nan	nan	nan	0.90695925	-0.61101109	nan	nan	nan	nan	-4.2906419	R0:N6:S0:1	0.90695925	20a4d9d	v2.1.5	general_bath_1D.py	2023-07-27@12:57
2L_4b_gen	-1.005393	4	0.3670034	-0.21109272	0.36285546	-0.20841817	1.05	1	0.3185947	0.33398726	0.31756312	0.33328811	0.87170955	-1.005393	nan	nan	nan	nan	nan	0.90547815	-0.61025313	nan	nan	nan	nan	-4.3006377	R0:N6:S0:1	0.90547815	20a4d9d	v2.1.5	general_bath_1D.py	2023-07-27@12:58
2L_4b_gen	-1.0043658	4	0.37065675	-0.20965583	0.36637584	-0.20713881	1.05	1	0.32023573	0.33396605	0.31921719	0.33327487	0.87048098	-1.0043658	nan	nan	nan	nan	nan	0.90485242	-0.60936696	nan	nan	nan	nan	-4.2972128	R0:N6:S0:1	0.90485242	20a4d9d	v2.1.5	general_bath_1D.py	2023-07-27@12:59

model	omega	E_kin	E_pot	U	eb1_1	eb2_1	eb3_1	eb4_1	mu	t	tb1_1	tb2_1	tb3_1	tb4_1	ave_mu	ave_t	ave_U_1	ave_eb1_1	ave_eb2_1	ave_eb3_1	ave_eb4_1	ave_mu_1	ave_t_1	ave_tb1_1	ave_tb2_1	ave_tb3_1	ave_tb4_1	E0_1	sector_1	n_1	githash	version	script	time	
2L_4b_gen	0.52168737	-1.0043658	0.29597347	4	0.37065675	-0.20965583	0.36637584	-0.20713881	1.05	1	0.32023573	0.33396605	0.31921719	0.33327487	0.87048098	-1.0043658	nan	nan	nan	nan	nan	0.90485242	-0.60936696	nan	nan	nan	nan	-4.2972128	R0:N6:S0:1	0.90485242	20a4d9d	v2.1.5	general_bath_1D.py	2023-07-27@12:59

model	E_kin	U	eb1_1	eb2_1	eb3_1	eb4_1	mu	t	tb1_1	tb2_1	tb3_1	tb4_1	ave_mu	ave_t	ave_U_1	ave_eb1_1	ave_eb2_1	ave_eb3_1	ave_eb4_1	ave_mu_1	ave_t_1	ave_tb1_1	ave_tb2_1	ave_tb3_1	ave_tb4_1	E0_1	sector_1	n_1	githash	version	script	time	
2L_4b_gen	-1.0049841	4	0.36657024	-0.20711056	0.36129689	-0.20465794	1.075	1	0.32023766	0.3323832	0.31912923	0.33160546	0.87808282	-1.0049841	nan	nan	nan	nan	nan	0.90947503	-0.61116722	nan	nan	nan	nan	-4.3322558	R0:N6:S0:1	0.90947503	20a4d9d	v2.1.5	general_bath_1D.py	2023-07-27@13:00
2L_4b_gen	-1.0021626	4	0.38478301	-0.21511155	0.38481664	-0.21268356	1.075	1	0.31860889	0.33628793	0.31813242	0.33596218	0.87510336	-1.0021626	nan	nan	nan	nan	nan	0.91087192	-0.61266524	nan	nan	nan	nan	-4.3580545	R0:N6:S0:1	0.91087192	20a4d9d	v2.1.5	general_bath_1D.py	2023-07-27@13:01
2L_4b_gen	-1.0027827	4	0.38423636	-0.21096117	0.38151098	-0.20841212	1.075	1	0.31907625	0.33445591	0.31824631	0.3338888	0.87463363	-1.0027827	nan	nan	nan	nan	nan	0.90926962	-0.61342376	nan	nan	nan	nan	-4.3401289	R0:N6:S0:1	0.90926962	20a4d9d	v2.1.5	general_bath_1D.py	2023-07-27@13:02
2L_4b_gen	-1.0028754	4	0.38668593	-0.21125146	0.38471524	-0.20863267	1.075	1	0.3200678	0.33308486	0.3193271	0.33255978	0.87605344	-1.0028754	nan	nan	nan	nan	nan	0.91104996	-0.61508134	nan	nan	nan	nan	-4.3398317	R0:N6:S0:1	0.91104996	20a4d9d	v2.1.5	general_bath_1D.py	2023-07-27@13:02
2L_4b_gen	-1.0024068	4	0.38771302	-0.21291191	0.3854704	-0.21028393	1.075	1	0.3184294	0.33451751	0.31764748	0.33397706	0.87617467	-1.0024068	nan	nan	nan	nan	nan	0.91262195	-0.6151906	nan	nan	nan	nan	-4.3446653	R0:N6:S0:1	0.91262195	20a4d9d	v2.1.5	general_bath_1D.py	2023-07-27@13:03
2L_4b_gen	-1.0019956	4	0.38010246	-0.21195092	0.37729167	-0.20934674	1.075	1	0.31696229	0.33463011	0.31611059	0.33405487	0.87384176	-1.0019956	nan	nan	nan	nan	nan	0.90903124	-0.61276767	nan	nan	nan	nan	-4.341619	R0:N6:S0:1	0.90903124	20a4d9d	v2.1.5	general_bath_1D.py	2023-07-27@13:04
2L_4b_gen	-1.0025289	4	0.38245173	-0.21001653	0.37951898	-0.20736786	1.075	1	0.31943082	0.33311656	0.31856589	0.33251236	0.87525197	-1.0025289	nan	nan	nan	nan	nan	0.91039684	-0.61333147	nan	nan	nan	nan	-4.33564	R0:N6:S0:1	0.91039684	20a4d9d	v2.1.5	general_bath_1D.py	2023-07-27@13:05
2L_4b_gen	-1.0040475	4	0.38378415	-0.21031823	0.38117485	-0.2078893	1.075	1	0.31855867	0.33400011	0.31776453	0.33345792	0.87539831	-1.0040475	nan	nan	nan	nan	nan	0.91029692	-0.61496884	nan	nan	nan	nan	-4.3363255	R0:N6:S0:1	0.91029692	20a4d9d	v2.1.5	general_bath_1D.py	2023-07-27@13:06
2L_4b_gen	-1.0034027	4	0.38591679	-0.21260957	0.38374282	-0.21011188	1.075	1	0.31982752	0.33382723	0.31908644	0.33329929	0.87627674	-1.0034027	nan	nan	nan	nan	nan	0.91278744	-0.61526874	nan	nan	nan	nan	-4.3462738	R0:N6:S0:1	0.91278744	20a4d9d	v2.1.5	general_bath_1D.py	2023-07-27@13:07
2L_4b_gen	-1.0030481	4	0.38198234	-0.21095575	0.37930404	-0.20861322	1.075	1	0.31663306	0.33589561	0.31584004	0.33536849	0.87453622	-1.0030481	nan	nan	nan	nan	nan	0.91073126	-0.6136862	nan	nan	nan	nan	-4.339067	R0:N6:S0:1	0.91073126	20a4d9d	v2.1.5	general_bath_1D.py	2023-07-27@13:08
2L_4b_gen	-1.0064713	4	0.38008319	-0.2099844	0.37660023	-0.2072531	1.075	1	0.31876167	0.33374265	0.31780526	0.33308715	0.8752025	-1.0064713	nan	nan	nan	nan	nan	0.9104344	-0.61564884	nan	nan	nan	nan	-4.3359742	R0:N6:S0:1	0.9104344	20a4d9d	v2.1.5	general_bath_1D.py	2023-07-27@13:08
2L_4b_gen	-1.0032857	4	0.38062128	-0.21074614	0.37833855	-0.20798762	1.075	1	0.31856645	0.33489989	0.31774319	0.3343413	0.87473612	-1.0032857	nan	nan	nan	nan	nan	0.90972817	-0.6129559	nan	nan	nan	nan	-4.3402363	R0:N6:S0:1	0.90972817	20a4d9d	v2.1.5	general_bath_1D.py	2023-07-27@13:09
2L_4b_gen	-1.0016859	4	0.38215048	-0.21153119	0.37947444	-0.20889438	1.075	1	0.31876237	0.33445628	0.31792517	0.33388065	0.87586746	-1.0016859	nan	nan	nan	nan	nan	0.91033122	-0.61249959	nan	nan	nan	nan	-4.3423528	R0:N6:S0:1	0.91033122	20a4d9d	v2.1.5	general_bath_1D.py	2023-07-27@13:10
2L_4b_gen	-1.0019569	4	0.38767327	-0.21258012	0.38587222	-0.21020668	1.075	1	0.3193088	0.33415439	0.31862946	0.33367835	0.87486369	-1.0019569	nan	nan	nan	nan	nan	0.91069999	-0.61420774	nan	nan	nan	nan	-4.3451156	R0:N6:S0:1	0.91069999	20a4d9d	v2.1.5	general_bath_1D.py	2023-07-27@13:11
2L_4b_gen	-1.0029473	4	0.38202908	-0.212283	0.37917187	-0.209701	1.075	1	0.31813024	0.33427967	0.317285	0.33369549	0.87589351	-1.0029473	nan	nan	nan	nan	nan	0.91269684	-0.6141744	nan	nan	nan	nan	-4.3436644	R0:N6:S0:1	0.91269684	20a4d9d	v2.1.5	general_bath_1D.py	2023-07-27@13:12
2L_4b_gen	-1.0045232	4	0.36625154	-0.21043811	0.36201574	-0.20853247	1.075	1	0.31578478	0.33359163	0.31488191	0.33299946	0.8759098	-1.0045232	nan	nan	nan	nan	nan	0.90842497	-0.6119546	nan	nan	nan	nan	-4.3391935	R0:N6:S0:1	0.90842497	20a4d9d	v2.1.5	general_bath_1D.py	2023-07-27@13:13
2L_4b_gen	-1.0014711	4	0.38512579	-0.21167575	0.3839599	-0.20940951	1.075	1	0.32073433	0.3337681	0.32015489	0.33335797	0.87534773	-1.0014711	nan	nan	nan	nan	nan	0.90977809	-0.61139154	nan	nan	nan	nan	-4.3453144	R0:N6:S0:1	0.90977809	20a4d9d	v2.1.5	general_bath_1D.py	2023-07-27@13:13

model	omega	E_kin	E_pot	U	eb1_1	eb2_1	eb3_1	eb4_1	mu	t	tb1_1	tb2_1	tb3_1	tb4_1	ave_mu	ave_t	ave_U_1	ave_eb1_1	ave_eb2_1	ave_eb3_1	ave_eb4_1	ave_mu_1	ave_t_1	ave_tb1_1	ave_tb2_1	ave_tb3_1	ave_tb4_1	E0_1	sector_1	n_1	githash	version	script	time	
2L_4b_gen	0.52396801	-1.0014711	0.31150696	4	0.38512579	-0.21167575	0.3839599	-0.20940951	1.075	1	0.32073433	0.3337681	0.32015489	0.33335797	0.87534773	-1.0014711	nan	nan	nan	nan	nan	0.90977809	-0.61139154	nan	nan	nan	nan	-4.3453144	R0:N6:S0:1	0.90977809	20a4d9d	v2.1.5	general_bath_1D.py	2023-07-27@13:13

model	E_kin	U	eb1_1	eb2_1	eb3_1	eb4_1	mu	t	tb1_1	tb2_1	tb3_1	tb4_1	ave_mu	ave_t	ave_U_1	ave_eb1_1	ave_eb2_1	ave_eb3_1	ave_eb4_1	ave_mu_1	ave_t_1	ave_tb1_1	ave_tb2_1	ave_tb3_1	ave_tb4_1	E0_1	sector_1	n_1	githash	version	script	time	
2L_4b_gen	-1.0008143	4	0.39166417	-0.21263205	0.38978572	-0.21054218	1.1	1	0.3209306	0.33464723	0.32029929	0.33420149	0.87969777	-1.0008143	nan	nan	nan	nan	nan	0.91352186	-0.61450443	nan	nan	nan	nan	-4.3939369	R0:N6:S0:1	0.91352186	20a4d9d	v2.1.5	general_bath_1D.py	2023-07-27@13:14
2L_4b_gen	-1.0020212	4	0.40104636	-0.21552416	0.40216576	-0.21324509	1.1	1	0.31834562	0.33505462	0.31803628	0.33481553	0.88036636	-1.0020212	nan	nan	nan	nan	nan	0.91846564	-0.6191406	nan	nan	nan	nan	-4.3964594	R0:N6:S0:1	0.91846564	20a4d9d	v2.1.5	general_bath_1D.py	2023-07-27@13:15
2L_4b_gen	-1.0002184	4	0.39804572	-0.21346424	0.39806706	-0.21143573	1.1	1	0.31557295	0.33729221	0.31516327	0.33701112	0.88167423	-1.0002184	nan	nan	nan	nan	nan	0.91925624	-0.61790577	nan	nan	nan	nan	-4.3884653	R0:N6:S0:1	0.91925624	20a4d9d	v2.1.5	general_bath_1D.py	2023-07-27@13:16
2L_4b_gen	-1.0017133	4	0.39134743	-0.21663091	0.39114534	-0.21427997	1.1	1	0.31428408	0.33639026	0.31379155	0.33604922	0.88169181	-1.0017133	nan	nan	nan	nan	nan	0.91807812	-0.61829737	nan	nan	nan	nan	-4.3984149	R0:N6:S0:1	0.91807812	20a4d9d	v2.1.5	general_bath_1D.py	2023-07-27@13:17
2L_4b_gen	-1.0024502	4	0.3943231	-0.21678068	0.39520736	-0.21441046	1.1	1	0.31554217	0.33656706	0.31517699	0.33630864	0.88122322	-1.0024502	nan	nan	nan	nan	nan	0.91755316	-0.61908525	nan	nan	nan	nan	-4.400625	R0:N6:S0:1	0.91755316	20a4d9d	v2.1.5	general_bath_1D.py	2023-07-27@13:18
2L_4b_gen	-0.99846558	4	0.40012521	-0.21732197	0.40107126	-0.21520805	1.1	1	0.3164908	0.33706345	0.31618305	0.33683614	0.881683	-0.99846558	nan	nan	nan	nan	nan	0.91883123	-0.61665198	nan	nan	nan	nan	-4.4034311	R0:N6:S0:1	0.91883123	20a4d9d	v2.1.5	general_bath_1D.py	2023-07-27@13:18
2L_4b_gen	-1.0004376	4	0.39647134	-0.2173083	0.3964563	-0.21515811	1.1	1	0.3151099	0.33657472	0.31468018	0.33627311	0.88184992	-1.0004376	nan	nan	nan	nan	nan	0.91911464	-0.61818311	nan	nan	nan	nan	-4.4011847	R0:N6:S0:1	0.91911464	20a4d9d	v2.1.5	general_bath_1D.py	2023-07-27@13:19
2L_4b_gen	-1.0006079	4	0.39049129	-0.21621533	0.39096016	-0.21391675	1.1	1	0.31458886	0.33615364	0.31418847	0.33587191	0.88262997	-1.0006079	nan	nan	nan	nan	nan	0.91858754	-0.61750859	nan	nan	nan	nan	-4.3975935	R0:N6:S0:1	0.91858754	20a4d9d	v2.1.5	general_bath_1D.py	2023-07-27@13:20
2L_4b_gen	-1.0004593	4	0.39661405	-0.21803834	0.39778452	-0.21592293	1.1	1	0.31486263	0.33724407	0.31458432	0.3370308	0.88052451	-1.0004593	nan	nan	nan	nan	nan	0.91798122	-0.61811735	nan	nan	nan	nan	-4.4046503	R0:N6:S0:1	0.91798122	20a4d9d	v2.1.5	general_bath_1D.py	2023-07-27@13:21
2L_4b_gen	-0.99688131	4	0.38927621	-0.21524934	0.38898485	-0.21282704	1.1	1	0.31489572	0.3354414	0.31438469	0.33507854	0.88068562	-0.99688131	nan	nan	nan	nan	nan	0.91574997	-0.61378205	nan	nan	nan	nan	-4.3934874	R0:N6:S0:1	0.91574997	20a4d9d	v2.1.5	general_bath_1D.py	2023-07-27@13:22
2L_4b_gen	-1.0018062	4	0.40056079	-0.21687386	0.40073627	-0.21483003	1.1	1	0.31698574	0.33540683	0.31660475	0.33513315	0.88146319	-1.0018062	nan	nan	nan	nan	nan	0.91842017	-0.62021878	nan	nan	nan	nan	-4.3999452	R0:N6:S0:1	0.91842017	20a4d9d	v2.1.5	general_bath_1D.py	2023-07-27@13:22
2L_4b_gen	-1.0002765	4	0.39618839	-0.21747819	0.39700279	-0.21508033	1.1	1	0.31492359	0.33674714	0.3145484	0.33646606	0.88041406	-1.0002765	nan	nan	nan	nan	nan	0.91734311	-0.61761459	nan	nan	nan	nan	-4.4013402	R0:N6:S0:1	0.91734311	20a4d9d	v2.1.5	general_bath_1D.py	2023-07-27@13:23
2L_4b_gen	-1.0011057	4	0.39916338	-0.21543961	0.39909537	-0.21312302	1.1	1	0.31675073	0.33586332	0.3162848	0.33553044	0.88122323	-1.0011057	nan	nan	nan	nan	nan	0.91808922	-0.61919313	nan	nan	nan	nan	-4.3947731	R0:N6:S0:1	0.91808922	20a4d9d	v2.1.5	general_bath_1D.py	2023-07-27@13:24
2L_4b_gen	-0.99905125	4	0.39733073	-0.21641062	0.39762159	-0.21403398	1.1	1	0.31533491	0.33614746	0.3149032	0.33583158	0.88123514	-0.99905125	nan	nan	nan	nan	nan	0.9185344	-0.61688903	nan	nan	nan	nan	-4.3967498	R0:N6:S0:1	0.9185344	20a4d9d	v2.1.5	general_bath_1D.py	2023-07-27@13:25
2L_4b_gen	-0.99980309	4	0.39721601	-0.21672119	0.39707051	-0.21463428	1.1	1	0.31546059	0.33697226	0.31502855	0.33666762	0.88162634	-0.99980309	nan	nan	nan	nan	nan	0.9190594	-0.61713156	nan	nan	nan	nan	-4.4001416	R0:N6:S0:1	0.9190594	20a4d9d	v2.1.5	general_bath_1D.py	2023-07-27@13:26
2L_4b_gen	-0.99905532	4	0.39414126	-0.21642664	0.39407203	-0.21408214	1.1	1	0.3151313	0.33687031	0.31465652	0.33654029	0.8803724	-0.99905532	nan	nan	nan	nan	nan	0.91674685	-0.61583054	nan	nan	nan	nan	-4.3989709	R0:N6:S0:1	0.91674685	20a4d9d	v2.1.5	general_bath_1D.py	2023-07-27@13:27
2L_4b_gen	-1.0024757	4	0.39820744	-0.21730264	0.39846486	-0.2151677	1.1	1	0.31643213	0.33663624	0.3160398	0.33635703	0.87986417	-1.0024757	nan	nan	nan	nan	nan	0.91628122	-0.61976507	nan	nan	nan	nan	-4.4032062	R0:N6:S0:1	0.91628122	20a4d9d	v2.1.5	general_bath_1D.py	2023-07-27@13:28

model	omega	E_kin	E_pot	U	eb1_1	eb2_1	eb3_1	eb4_1	mu	t	tb1_1	tb2_1	tb3_1	tb4_1	ave_mu	ave_t	ave_U_1	ave_eb1_1	ave_eb2_1	ave_eb3_1	ave_eb4_1	ave_mu_1	ave_t_1	ave_tb1_1	ave_tb2_1	ave_tb3_1	ave_tb4_1	E0_1	sector_1	n_1	githash	version	script	time	
2L_4b_gen	0.5307117	-1.0024757	0.31564497	4	0.39820744	-0.21730264	0.39846486	-0.2151677	1.1	1	0.31643213	0.33663624	0.3160398	0.33635703	0.87986417	-1.0024757	nan	nan	nan	nan	nan	0.91628122	-0.61976507	nan	nan	nan	nan	-4.4032062	R0:N6:S0:1	0.91628122	20a4d9d	v2.1.5	general_bath_1D.py	2023-07-27@13:28

model	E_kin	U	eb1_1	eb2_1	eb3_1	eb4_1	mu	t	tb1_1	tb2_1	tb3_1	tb4_1	ave_mu	ave_t	ave_U_1	ave_eb1_1	ave_eb2_1	ave_eb3_1	ave_eb4_1	ave_mu_1	ave_t_1	ave_tb1_1	ave_tb2_1	ave_tb3_1	ave_tb4_1	E0_1	sector_1	n_1	githash	version	script	time	
2L_4b_gen	-0.999494	4	0.4018912	-0.21613367	0.40237808	-0.21366808	1.15	1	0.31732373	0.3356896	0.31689712	0.33537137	0.89326362	-0.999494	nan	nan	nan	nan	nan	0.92566875	-0.62094343	nan	nan	nan	nan	-4.4891042	R0:N6:S0:1	0.92566875	20a4d9d	v2.1.5	general_bath_1D.py	2023-07-27@13:28
2L_4b_gen	-0.99140735	4	0.45128217	-0.23015533	0.45713336	-0.23005437	1.15	1	0.31664042	0.3423429	0.31726963	0.34273663	0.8901628	-0.99140735	nan	nan	nan	nan	nan	0.93024692	-0.62449598	nan	nan	nan	nan	-4.5382623	R0:N6:S0:1	0.93024692	20a4d9d	v2.1.5	general_bath_1D.py	2023-07-27@13:29
2L_4b_gen	-0.99159981	4	0.45417568	-0.22831076	0.4576741	-0.22736896	1.15	1	0.31466633	0.3399965	0.31487163	0.34008482	0.89144932	-0.99159981	nan	nan	nan	nan	nan	0.93150005	-0.62757945	nan	nan	nan	nan	-4.5211739	R0:N6:S0:1	0.93150005	20a4d9d	v2.1.5	general_bath_1D.py	2023-07-27@13:30
2L_4b_gen	-0.99278093	4	0.46239892	-0.23192923	0.46638844	-0.2311635	1.15	1	0.31484534	0.3408931	0.31513846	0.34104231	0.89211247	-0.99278093	nan	nan	nan	nan	nan	0.93382189	-0.630393	nan	nan	nan	nan	-4.5341961	R0:N6:S0:1	0.93382189	20a4d9d	v2.1.5	general_bath_1D.py	2023-07-27@13:31
2L_4b_gen	-0.99119734	4	0.46008361	-0.23287651	0.46452877	-0.23204631	1.15	1	0.31283545	0.3424411	0.31316785	0.34259853	0.89103516	-0.99119734	nan	nan	nan	nan	nan	0.93267833	-0.62914823	nan	nan	nan	nan	-4.5371215	R0:N6:S0:1	0.93267833	20a4d9d	v2.1.5	general_bath_1D.py	2023-07-27@13:32
2L_4b_gen	-0.99218993	4	0.45298951	-0.23103462	0.45720895	-0.23011003	1.15	1	0.31237575	0.3402062	0.31267357	0.34033974	0.89082076	-0.99218993	nan	nan	nan	nan	nan	0.9314968	-0.62917474	nan	nan	nan	nan	-4.5281269	R0:N6:S0:1	0.9314968	20a4d9d	v2.1.5	general_bath_1D.py	2023-07-27@13:33
2L_4b_gen	-0.99396884	4	0.4634751	-0.23073732	0.46743968	-0.22992956	1.15	1	0.31446039	0.34082188	0.31473486	0.34095482	0.88957772	-0.99396884	nan	nan	nan	nan	nan	0.93192375	-0.63161174	nan	nan	nan	nan	-4.5283912	R0:N6:S0:1	0.93192375	20a4d9d	v2.1.5	general_bath_1D.py	2023-07-27@13:33
2L_4b_gen	-0.98922635	4	0.44456294	-0.22682833	0.44984192	-0.2259115	1.15	1	0.31194567	0.3387148	0.31236281	0.33892398	0.89276393	-0.98922635	nan	nan	nan	nan	nan	0.93184388	-0.62518862	nan	nan	nan	nan	-4.5120031	R0:N6:S0:1	0.93184388	20a4d9d	v2.1.5	general_bath_1D.py	2023-07-27@13:34
2L_4b_gen	-0.99279202	4	0.4638985	-0.23445763	0.46756927	-0.23387271	1.15	1	0.31422348	0.34199114	0.31450578	0.34214479	0.89064917	-0.99279202	nan	nan	nan	nan	nan	0.93201595	-0.63093031	nan	nan	nan	nan	-4.5441343	R0:N6:S0:1	0.93201595	20a4d9d	v2.1.5	general_bath_1D.py	2023-07-27@13:35
2L_4b_gen	-0.98887072	4	0.45940324	-0.23052935	0.4641297	-0.22973166	1.15	1	0.31351919	0.33992331	0.3138865	0.34010671	0.89237605	-0.98887072	nan	nan	nan	nan	nan	0.9330251	-0.62763219	nan	nan	nan	nan	-4.5259866	R0:N6:S0:1	0.9330251	20a4d9d	v2.1.5	general_bath_1D.py	2023-07-27@13:36
2L_4b_gen	-0.99013309	4	0.46218258	-0.23406397	0.4665477	-0.23336795	1.15	1	0.31281287	0.34148276	0.31316495	0.34165466	0.8922996	-0.99013309	nan	nan	nan	nan	nan	0.93453744	-0.62976018	nan	nan	nan	nan	-4.5397354	R0:N6:S0:1	0.93453744	20a4d9d	v2.1.5	general_bath_1D.py	2023-07-27@13:37
2L_4b_gen	-0.99042692	4	0.45391346	-0.23210196	0.45812045	-0.23112753	1.15	1	0.31080318	0.3414112	0.31109067	0.34152917	0.89059692	-0.99042692	nan	nan	nan	nan	nan	0.93118189	-0.6277305	nan	nan	nan	nan	-4.5306439	R0:N6:S0:1	0.93118189	20a4d9d	v2.1.5	general_bath_1D.py	2023-07-27@13:39
2L_4b_gen	-0.99298192	4	0.46356142	-0.23270843	0.46715866	-0.23195409	1.15	1	0.31518405	0.34056251	0.31543483	0.34068873	0.89135686	-0.99298192	nan	nan	nan	nan	nan	0.93329066	-0.63053888	nan	nan	nan	nan	-4.5368965	R0:N6:S0:1	0.93329066	20a4d9d	v2.1.5	general_bath_1D.py	2023-07-27@13:40
2L_4b_gen	-0.99335919	4	0.45807943	-0.23188833	0.46218591	-0.23100219	1.15	1	0.31309986	0.3419758	0.31338353	0.34210335	0.89141303	-0.99335919	nan	nan	nan	nan	nan	0.93286413	-0.63043147	nan	nan	nan	nan	-4.533587	R0:N6:S0:1	0.93286413	20a4d9d	v2.1.5	general_bath_1D.py	2023-07-27@13:40
2L_4b_gen	-0.99480191	4	0.45565772	-0.23144098	0.46013638	-0.23053569	1.15	1	0.3130355	0.34090154	0.31336271	0.3410527	0.89183599	-0.99480191	nan	nan	nan	nan	nan	0.93301874	-0.63126168	nan	nan	nan	nan	-4.5310265	R0:N6:S0:1	0.93301874	20a4d9d	v2.1.5	general_bath_1D.py	2023-07-27@13:41
2L_4b_gen	-0.99390601	4	0.45986135	-0.23319109	0.46441021	-0.23244571	1.15	1	0.31359671	0.34258425	0.31396326	0.34276387	0.88996013	-0.99390601	nan	nan	nan	nan	nan	0.93147538	-0.63086112	nan	nan	nan	nan	-4.5401894	R0:N6:S0:1	0.93147538	20a4d9d	v2.1.5	general_bath_1D.py	2023-07-27@13:42
2L_4b_gen	-0.99248536	4	0.45266568	-0.23068237	0.45702318	-0.22970089	1.15	1	0.31323695	0.34010963	0.31353357	0.34024519	0.89225701	-0.99248536	nan	nan	nan	nan	nan	0.93237808	-0.62909356	nan	nan	nan	nan	-4.5281686	R0:N6:S0:1	0.93237808	20a4d9d	v2.1.5	general_bath_1D.py	2023-07-27@13:43
2L_4b_gen	-0.9938856	4	0.46256669	-0.23336298	0.46701904	-0.23265565	1.15	1	0.31395635	0.34174065	0.31431021	0.34191868	0.89082433	-0.9938856	nan	nan	nan	nan	nan	0.93336251	-0.63154405	nan	nan	nan	nan	-4.5393579	R0:N6:S0:1	0.93336251	20a4d9d	v2.1.5	general_bath_1D.py	2023-07-27@13:44
2L_4b_gen	-0.99168629	4	0.45236559	-0.23041788	0.45642541	-0.22941376	1.15	1	0.31232627	0.34133473	0.31258789	0.34144298	0.88983347	-0.99168629	nan	nan	nan	nan	nan	0.93205628	-0.62790659	nan	nan	nan	nan	-4.5273492	R0:N6:S0:1	0.93205628	20a4d9d	v2.1.5	general_bath_1D.py	2023-07-27@13:45

model	omega	E_kin	E_pot	U	eb1_1	eb2_1	eb3_1	eb4_1	mu	t	tb1_1	tb2_1	tb3_1	tb4_1	ave_mu	ave_t	ave_U_1	ave_eb1_1	ave_eb2_1	ave_eb3_1	ave_eb4_1	ave_mu_1	ave_t_1	ave_tb1_1	ave_tb2_1	ave_tb3_1	ave_tb4_1	E0_1	sector_1	n_1	githash	version	script	time	
2L_4b_gen	0.54843193	-0.99168629	0.32034348	4	0.45236559	-0.23041788	0.45642541	-0.22941376	1.15	1	0.31232627	0.34133473	0.31258789	0.34144298	0.88983347	-0.99168629	nan	nan	nan	nan	nan	0.93205628	-0.62790659	nan	nan	nan	nan	-4.5273492	R0:N6:S0:1	0.93205628	20a4d9d	v2.1.5	general_bath_1D.py	2023-07-27@13:45

model	E_kin	U	eb1_1	eb2_1	eb3_1	eb4_1	mu	t	tb1_1	tb2_1	tb3_1	tb4_1	ave_mu	ave_t	ave_U_1	ave_eb1_1	ave_eb2_1	ave_eb3_1	ave_eb4_1	ave_mu_1	ave_t_1	ave_tb1_1	ave_tb2_1	ave_tb3_1	ave_tb4_1	E0_1	sector_1	n_1	githash	version	script	time	
2L_4b_gen	-0.99600831	4	0.45663962	-0.2256198	0.4593929	-0.22481398	1.25	1	0.31310548	0.34029841	0.31321654	0.34037913	0.91754517	-0.99600831	nan	nan	nan	nan	nan	0.94502813	-0.63686785	nan	nan	nan	nan	-4.695645	R0:N6:S0:1	0.94502813	20a4d9d	v2.1.5	general_bath_1D.py	2023-07-27@13:46
2L_4b_gen	-0.97965295	4	0.62664203	-0.27416575	0.6268346	-0.27531669	1.25	1	0.327115	0.35531195	0.32736935	0.3555053	0.91525808	-0.97965295	nan	nan	nan	nan	nan	0.95788158	-0.64386206	nan	nan	nan	nan	-4.884427	R0:N6:S0:1	0.95788158	20a4d9d	v2.1.5	general_bath_1D.py	2023-07-27@13:46
2L_4b_gen	-0.97871315	4	0.65463748	-0.27303431	0.65740773	-0.27399646	1.25	1	0.32189835	0.35409498	0.32231669	0.35441033	0.91565218	-0.97871315	nan	nan	nan	nan	nan	0.96243444	-0.6501652	nan	nan	nan	nan	-4.8633238	R0:N6:S0:1	0.96243444	20a4d9d	v2.1.5	general_bath_1D.py	2023-07-27@13:47
2L_4b_gen	-0.98052767	4	0.66881375	-0.27439831	0.6719906	-0.27522014	1.25	1	0.32036368	0.35534351	0.32078383	0.35565084	0.91454537	-0.98052767	nan	nan	nan	nan	nan	0.96242962	-0.65465062	nan	nan	nan	nan	-4.8644501	R0:N6:S0:1	0.96242962	20a4d9d	v2.1.5	general_bath_1D.py	2023-07-27@13:48
2L_4b_gen	-0.97561534	4	0.66736238	-0.27391673	0.67100892	-0.27491664	1.25	1	0.31933027	0.3540054	0.31983795	0.35436474	0.9153045	-0.97561534	nan	nan	nan	nan	nan	0.96269688	-0.65093389	nan	nan	nan	nan	-4.8599252	R0:N6:S0:1	0.96269688	20a4d9d	v2.1.5	general_bath_1D.py	2023-07-27@13:49
2L_4b_gen	-0.97755302	4	0.67759364	-0.27567254	0.68073269	-0.2764664	1.25	1	0.31983923	0.35457207	0.3202547	0.35486745	0.91442707	-0.97755302	nan	nan	nan	nan	nan	0.96357501	-0.65356487	nan	nan	nan	nan	-4.8655134	R0:N6:S0:1	0.96357501	20a4d9d	v2.1.5	general_bath_1D.py	2023-07-27@13:50
2L_4b_gen	-0.97903045	4	0.67239936	-0.27360264	0.67591502	-0.27437641	1.25	1	0.31899308	0.35453123	0.31943889	0.35484463	0.91483568	-0.97903045	nan	nan	nan	nan	nan	0.96446272	-0.65486129	nan	nan	nan	nan	-4.8571978	R0:N6:S0:1	0.96446272	20a4d9d	v2.1.5	general_bath_1D.py	2023-07-27@13:51
2L_4b_gen	-0.97907197	4	0.66231732	-0.27262071	0.66625546	-0.27347383	1.25	1	0.31729754	0.35440012	0.31779729	0.35474636	0.91471784	-0.97907197	nan	nan	nan	nan	nan	0.96368116	-0.65408242	nan	nan	nan	nan	-4.8529677	R0:N6:S0:1	0.96368116	20a4d9d	v2.1.5	general_bath_1D.py	2023-07-27@13:52
2L_4b_gen	-0.98200122	4	0.66199442	-0.27283177	0.66582292	-0.27371513	1.25	1	0.31781285	0.35437394	0.31832052	0.35471875	0.91462758	-0.98200122	nan	nan	nan	nan	nan	0.96307808	-0.65629014	nan	nan	nan	nan	-4.8547702	R0:N6:S0:1	0.96307808	20a4d9d	v2.1.5	general_bath_1D.py	2023-07-27@13:53
2L_4b_gen	-0.97887238	4	0.66907837	-0.27492208	0.67277498	-0.27589335	1.25	1	0.31911618	0.35555434	0.31962251	0.35590743	0.91435083	-0.97887238	nan	nan	nan	nan	nan	0.96357402	-0.65393937	nan	nan	nan	nan	-4.8651134	R0:N6:S0:1	0.96357402	20a4d9d	v2.1.5	general_bath_1D.py	2023-07-27@13:54
2L_4b_gen	-0.97866934	4	0.65951757	-0.27214367	0.66350101	-0.27304444	1.25	1	0.31744717	0.35394012	0.31796245	0.35429878	0.914265	-0.97866934	nan	nan	nan	nan	nan	0.96240312	-0.65341225	nan	nan	nan	nan	-4.8515287	R0:N6:S0:1	0.96240312	20a4d9d	v2.1.5	general_bath_1D.py	2023-07-27@13:54
2L_4b_gen	-0.97990139	4	0.66624934	-0.27291893	0.66985332	-0.27385002	1.25	1	0.31871043	0.35402986	0.31918824	0.3543799	0.91410741	-0.97990139	nan	nan	nan	nan	nan	0.96266872	-0.65498438	nan	nan	nan	nan	-4.8551735	R0:N6:S0:1	0.96266872	20a4d9d	v2.1.5	general_bath_1D.py	2023-07-27@13:55
2L_4b_gen	-0.97582187	4	0.66368323	-0.27242068	0.6672872	-0.27328558	1.25	1	0.31850449	0.35383254	0.31898178	0.35416292	0.91577974	-0.97582187	nan	nan	nan	nan	nan	0.96356565	-0.65075231	nan	nan	nan	nan	-4.8531519	R0:N6:S0:1	0.96356565	20a4d9d	v2.1.5	general_bath_1D.py	2023-07-27@13:56
2L_4b_gen	-0.97689043	4	0.67281519	-0.27559729	0.67593601	-0.27635342	1.25	1	0.31924538	0.35505129	0.31965132	0.35533687	0.91549271	-0.97689043	nan	nan	nan	nan	nan	0.96583715	-0.65308893	nan	nan	nan	nan	-4.865869	R0:N6:S0:1	0.96583715	20a4d9d	v2.1.5	general_bath_1D.py	2023-07-27@13:57
2L_4b_gen	-0.97475707	4	0.66045301	-0.27164536	0.66469294	-0.27256952	1.25	1	0.3156949	0.35537545	0.31624008	0.35574873	0.91487648	-0.97475707	nan	nan	nan	nan	nan	0.96346466	-0.65058553	nan	nan	nan	nan	-4.8485608	R0:N6:S0:1	0.96346466	20a4d9d	v2.1.5	general_bath_1D.py	2023-07-27@13:58
2L_4b_gen	-0.97791194	4	0.66524332	-0.27341213	0.66883154	-0.27424025	1.25	1	0.31777367	0.35378737	0.31823408	0.35411194	0.91487702	-0.97791194	nan	nan	nan	nan	nan	0.96189936	-0.65360435	nan	nan	nan	nan	-4.85533	R0:N6:S0:1	0.96189936	20a4d9d	v2.1.5	general_bath_1D.py	2023-07-27@13:59
2L_4b_gen	-0.97611469	4	0.68012762	-0.27483155	0.68308752	-0.27578679	1.25	1	0.32020348	0.35377712	0.32062771	0.35409161	0.91407045	-0.97611469	nan	nan	nan	nan	nan	0.96308753	-0.65236789	nan	nan	nan	nan	-4.8617141	R0:N6:S0:1	0.96308753	20a4d9d	v2.1.5	general_bath_1D.py	2023-07-27@14:00

model	omega	E_kin	E_pot	U	eb1_1	eb2_1	eb3_1	eb4_1	mu	t	tb1_1	tb2_1	tb3_1	tb4_1	ave_mu	ave_t	ave_U_1	ave_eb1_1	ave_eb2_1	ave_eb3_1	ave_eb4_1	ave_mu_1	ave_t_1	ave_tb1_1	ave_tb2_1	ave_tb3_1	ave_tb4_1	E0_1	sector_1	n_1	githash	version	script	time	
2L_4b_gen	0.6251031	-0.97611469	0.33948429	4	0.68012762	-0.27483155	0.68308752	-0.27578679	1.25	1	0.32020348	0.35377712	0.32062771	0.35409161	0.91407045	-0.97611469	nan	nan	nan	nan	nan	0.96308753	-0.65236789	nan	nan	nan	nan	-4.8617141	R0:N6:S0:1	0.96308753	20a4d9d	v2.1.5	general_bath_1D.py	2023-07-27@14:00

model	E_kin	U	eb1_1	eb2_1	eb3_1	eb4_1	mu	t	tb1_1	tb2_1	tb3_1	tb4_1	ave_mu	ave_t	ave_U_1	ave_eb1_1	ave_eb2_1	ave_eb3_1	ave_eb4_1	ave_mu_1	ave_t_1	ave_tb1_1	ave_tb2_1	ave_tb3_1	ave_tb4_1	E0_1	sector_1	n_1	githash	version	script	time	
2L_4b_gen	-0.97877152	4	0.67249013	-0.27338719	0.67584379	-0.27411466	1.35	1	0.31927281	0.3541691	0.31969533	0.35446595	0.94735382	-0.97877152	nan	nan	nan	nan	nan	0.97120365	-0.65502307	nan	nan	nan	nan	-5.0499089	R0:N6:S0:1	0.97120365	20a4d9d	v2.1.5	general_bath_1D.py	2023-07-27@14:00
2L_4b_gen	-0.97528244	4	0.88537052	-0.33813846	0.88436903	-0.3381054	1.35	1	0.34103102	0.36935179	0.3409641	0.36929488	0.9539528	-0.97528244	nan	nan	nan	nan	nan	0.97843128	-0.66500968	nan	nan	nan	nan	-5.3126109	R0:N6:S0:1	0.97843128	20a4d9d	v2.1.5	general_bath_1D.py	2023-07-27@14:01
2L_4b_gen	-0.97328018	4	0.9848164	-0.36023603	0.98408873	-0.36018352	1.35	1	0.34577568	0.37520559	0.34572158	0.37516462	0.95310075	-0.97328018	nan	nan	nan	nan	nan	0.98356236	-0.66886346	nan	nan	nan	nan	-5.3973447	R0:N6:S0:1	0.98356236	20a4d9d	v2.1.5	general_bath_1D.py	2023-07-27@14:02
2L_4b_gen	-0.97247999	4	0.99906989	-0.35830323	0.99830434	-0.35828523	1.35	1	0.34372886	0.37590879	0.34368072	0.37586925	0.95099611	-0.97247999	nan	nan	nan	nan	nan	0.98497495	-0.6697602	nan	nan	nan	nan	-5.385962	R0:N6:S0:1	0.98497495	20a4d9d	v2.1.5	general_bath_1D.py	2023-07-27@14:03
2L_4b_gen	-0.97375623	4	0.99533474	-0.35355172	0.99459592	-0.3536087	1.35	1	0.3423487	0.375417	0.34232047	0.37539899	0.95018521	-0.97375623	nan	nan	nan	nan	nan	0.98580626	-0.67084694	nan	nan	nan	nan	-5.3657114	R0:N6:S0:1	0.98580626	20a4d9d	v2.1.5	general_bath_1D.py	2023-07-27@14:04
2L_4b_gen	-0.97072393	4	0.98425139	-0.35057004	0.98348698	-0.35064296	1.35	1	0.34136975	0.37501259	0.34133967	0.37499241	0.94973484	-0.97072393	nan	nan	nan	nan	nan	0.98475942	-0.66776177	nan	nan	nan	nan	-5.3539135	R0:N6:S0:1	0.98475942	20a4d9d	v2.1.5	general_bath_1D.py	2023-07-27@14:05
2L_4b_gen	-0.97037284	4	0.9823613	-0.35087734	0.98163457	-0.35095385	1.35	1	0.34105681	0.37437901	0.34103549	0.37436416	0.95186922	-0.97037284	nan	nan	nan	nan	nan	0.98499063	-0.66779137	nan	nan	nan	nan	-5.3541951	R0:N6:S0:1	0.98499063	20a4d9d	v2.1.5	general_bath_1D.py	2023-07-27@14:05
2L_4b_gen	-0.97310372	4	0.99279019	-0.35433825	0.99212204	-0.35437324	1.35	1	0.34181802	0.37498147	0.34179218	0.37495841	0.95118062	-0.97310372	nan	nan	nan	nan	nan	0.98563129	-0.67049995	nan	nan	nan	nan	-5.3678722	R0:N6:S0:1	0.98563129	20a4d9d	v2.1.5	general_bath_1D.py	2023-07-27@14:06
2L_4b_gen	-0.970495	4	0.98904061	-0.35256574	0.98827436	-0.35261913	1.35	1	0.34169531	0.37512788	0.34166004	0.37510398	0.94989265	-0.970495	nan	nan	nan	nan	nan	0.98457184	-0.66797805	nan	nan	nan	nan	-5.3615499	R0:N6:S0:1	0.98457184	20a4d9d	v2.1.5	general_bath_1D.py	2023-07-27@14:07
2L_4b_gen	-0.97036444	4	0.98658516	-0.35124697	0.98592031	-0.35130056	1.35	1	0.34134456	0.37436586	0.34132075	0.37434335	0.94909055	-0.97036444	nan	nan	nan	nan	nan	0.98489061	-0.66791505	nan	nan	nan	nan	-5.3553367	R0:N6:S0:1	0.98489061	20a4d9d	v2.1.5	general_bath_1D.py	2023-07-27@14:08
2L_4b_gen	-0.97091612	4	0.97844776	-0.34872068	0.97778744	-0.3487963	1.35	1	0.34057102	0.37378454	0.34055263	0.37376856	0.95175849	-0.97091612	nan	nan	nan	nan	nan	0.98457187	-0.66798481	nan	nan	nan	nan	-5.3449893	R0:N6:S0:1	0.98457187	20a4d9d	v2.1.5	general_bath_1D.py	2023-07-27@14:09
2L_4b_gen	-0.9730524	4	0.9951252	-0.35524108	0.99439807	-0.35526707	1.35	1	0.34244738	0.37538317	0.34241063	0.37535857	0.94775716	-0.9730524	nan	nan	nan	nan	nan	0.9837625	-0.67032957	nan	nan	nan	nan	-5.3720659	R0:N6:S0:1	0.9837625	20a4d9d	v2.1.5	general_bath_1D.py	2023-07-27@14:10
2L_4b_gen	-0.97453247	4	0.97167166	-0.34741697	0.9708485	-0.34749245	1.35	1	0.34048841	0.37291932	0.34044931	0.37289898	0.95119761	-0.97453247	nan	nan	nan	nan	nan	0.98455629	-0.6706844	nan	nan	nan	nan	-5.3396438	R0:N6:S0:1	0.98455629	20a4d9d	v2.1.5	general_bath_1D.py	2023-07-27@14:11
2L_4b_gen	-0.97173393	4	0.9891816	-0.35326758	0.98835722	-0.35328415	1.35	1	0.34242028	0.37553907	0.3423696	0.37550534	0.94972491	-0.97173393	nan	nan	nan	nan	nan	0.98452502	-0.66876012	nan	nan	nan	nan	-5.3656281	R0:N6:S0:1	0.98452502	20a4d9d	v2.1.5	general_bath_1D.py	2023-07-27@14:12
2L_4b_gen	-0.97275032	4	0.98497251	-0.35078906	0.98416489	-0.35085484	1.35	1	0.34141389	0.37436932	0.34137293	0.37434645	0.95077546	-0.97275032	nan	nan	nan	nan	nan	0.98485619	-0.66992065	nan	nan	nan	nan	-5.35391	R0:N6:S0:1	0.98485619	20a4d9d	v2.1.5	general_bath_1D.py	2023-07-27@14:13
2L_4b_gen	-0.96896662	4	0.99096933	-0.35280543	0.99087139	-0.35289634	1.35	1	0.34174689	0.37523231	0.34180368	0.37522442	0.95154321	-0.96896662	nan	nan	nan	nan	nan	0.98515633	-0.66666475	nan	nan	nan	nan	-5.3624798	R0:N6:S0:1	0.98515633	20a4d9d	v2.1.5	general_bath_1D.py	2023-07-27@14:13
2L_4b_gen	-0.97010015	4	0.99382537	-0.35449102	0.9930616	-0.3545415	1.35	1	0.34187657	0.37516102	0.34183705	0.37513801	0.95167438	-0.97010015	nan	nan	nan	nan	nan	0.98501253	-0.66768056	nan	nan	nan	nan	-5.3686173	R0:N6:S0:1	0.98501253	20a4d9d	v2.1.5	general_bath_1D.py	2023-07-27@14:14

model	omega	E_kin	E_pot	U	eb1_1	eb2_1	eb3_1	eb4_1	mu	t	tb1_1	tb2_1	tb3_1	tb4_1	ave_mu	ave_t	ave_U_1	ave_eb1_1	ave_eb2_1	ave_eb3_1	ave_eb4_1	ave_mu_1	ave_t_1	ave_tb1_1	ave_tb2_1	ave_tb3_1	ave_tb4_1	E0_1	sector_1	n_1	githash	version	script	time	
2L_4b_gen	0.7853242	-0.97010015	0.37128631	4	0.99382537	-0.35449102	0.9930616	-0.3545415	1.35	1	0.34187657	0.37516102	0.34183705	0.37513801	0.95167438	-0.97010015	nan	nan	nan	nan	nan	0.98501253	-0.66768056	nan	nan	nan	nan	-5.3686173	R0:N6:S0:1	0.98501253	20a4d9d	v2.1.5	general_bath_1D.py	2023-07-27@14:14

model	E_kin	U	eb1_1	eb2_1	eb3_1	eb4_1	mu	t	tb1_1	tb2_1	tb3_1	tb4_1	ave_mu	ave_t	ave_U_1	ave_eb1_1	ave_eb2_1	ave_eb3_1	ave_eb4_1	ave_mu_1	ave_t_1	ave_tb1_1	ave_tb2_1	ave_tb3_1	ave_tb4_1	E0_1	sector_1	n_1	githash	version	script	time	
2L_4b_gen	-0.96774995	4	0.99772895	-0.35486679	0.99697636	-0.35490206	1.45	1	0.34268123	0.37542849	0.34264488	0.37540363	0.99889108	-0.96774995	nan	nan	nan	nan	nan	0.9917447	-0.66724751	nan	nan	nan	nan	-5.5685512	R0:N6:S0:1	0.9917447	20a4d9d	v2.1.5	general_bath_1D.py	2023-07-27@14:15
2L_4b_gen	-0.97030159	4	1.1627595	-0.43728083	1.1628447	-0.43728	1.45	1	0.36259958	0.38710163	0.36261017	0.38711062	0.99685747	-0.97030159	nan	nan	nan	nan	nan	0.99201524	-0.67423753	nan	nan	nan	nan	-5.9086533	R0:N6:S0:1	0.99201524	20a4d9d	v2.1.5	general_bath_1D.py	2023-07-27@14:16
2L_4b_gen	-0.95988014	4	1.2313497	-0.46801513	1.2314831	-0.46799306	1.45	1	0.37084127	0.39260266	0.37084839	0.39260379	0.99874729	-0.95988014	nan	nan	nan	nan	nan	0.9941308	-0.66606577	nan	nan	nan	nan	-6.0373611	R0:N6:S0:1	0.9941308	20a4d9d	v2.1.5	general_bath_1D.py	2023-07-27@14:17
2L_4b_gen	-0.96288428	4	1.235635	-0.46072804	1.2355906	-0.46069425	1.45	1	0.36834198	0.39156667	0.36832555	0.39155845	0.99799814	-0.96288428	nan	nan	nan	nan	nan	0.99392824	-0.6700147	nan	nan	nan	nan	-6.0041207	R0:N6:S0:1	0.99392824	20a4d9d	v2.1.5	general_bath_1D.py	2023-07-27@14:18
2L_4b_gen	-0.96457745	4	1.2641092	-0.47472429	1.2641851	-0.47471222	1.45	1	0.37208388	0.39408762	0.37208814	0.39408741	0.99826065	-0.96457745	nan	nan	nan	nan	nan	0.99453673	-0.6718622	nan	nan	nan	nan	-6.0631959	R0:N6:S0:1	0.99453673	20a4d9d	v2.1.5	general_bath_1D.py	2023-07-27@14:19
2L_4b_gen	-0.96318337	4	1.2397497	-0.46534635	1.2398405	-0.46535225	1.45	1	0.36873751	0.39228233	0.36874553	0.39228839	0.99849073	-0.96318337	nan	nan	nan	nan	nan	0.99438653	-0.67038428	nan	nan	nan	nan	-6.0231029	R0:N6:S0:1	0.99438653	20a4d9d	v2.1.5	general_bath_1D.py	2023-07-27@14:19
2L_4b_gen	-0.96388752	4	1.2410858	-0.46306017	1.241064	-0.46304252	1.45	1	0.36870996	0.39178437	0.36870661	0.39178357	0.99863192	-0.96388752	nan	nan	nan	nan	nan	0.99434373	-0.67123201	nan	nan	nan	nan	-6.0133591	R0:N6:S0:1	0.99434373	20a4d9d	v2.1.5	general_bath_1D.py	2023-07-27@14:20
2L_4b_gen	-0.9633765	4	1.2684128	-0.47043499	1.2684245	-0.47042339	1.45	1	0.37198198	0.39388037	0.37197688	0.39387971	0.99869948	-0.9633765	nan	nan	nan	nan	nan	0.99484942	-0.6712753	nan	nan	nan	nan	-6.0456278	R0:N6:S0:1	0.99484942	20a4d9d	v2.1.5	general_bath_1D.py	2023-07-27@14:21
2L_4b_gen	-0.96490949	4	1.2299062	-0.45421863	1.2299452	-0.45420799	1.45	1	0.36633678	0.38970938	0.3663332	0.38971064	0.9983276	-0.96490949	nan	nan	nan	nan	nan	0.99428405	-0.67238614	nan	nan	nan	nan	-5.9747543	R0:N6:S0:1	0.99428405	20a4d9d	v2.1.5	general_bath_1D.py	2023-07-27@14:22
2L_4b_gen	-0.96473803	4	1.234897	-0.4613002	1.2347123	-0.46129748	1.45	1	0.36787778	0.39113533	0.36785154	0.39113895	0.9975837	-0.96473803	nan	nan	nan	nan	nan	0.99338126	-0.67154059	nan	nan	nan	nan	-6.0054333	R0:N6:S0:1	0.99338126	20a4d9d	v2.1.5	general_bath_1D.py	2023-07-27@14:23
2L_4b_gen	-0.96421599	4	1.2114417	-0.44315524	1.2114359	-0.44316338	1.45	1	0.36548171	0.38766296	0.36546781	0.38766386	0.99782822	-0.96421599	nan	nan	nan	nan	nan	0.99333383	-0.67043264	nan	nan	nan	nan	-5.9302192	R0:N6:S0:1	0.99333383	20a4d9d	v2.1.5	general_bath_1D.py	2023-07-27@14:24
2L_4b_gen	-0.96315688	4	1.2303261	-0.45508701	1.2303871	-0.45505562	1.45	1	0.36814707	0.39016846	0.36814684	0.39016756	0.99818164	-0.96315688	nan	nan	nan	nan	nan	0.99394902	-0.67012773	nan	nan	nan	nan	-5.980812	R0:N6:S0:1	0.99394902	20a4d9d	v2.1.5	general_bath_1D.py	2023-07-27@14:25
2L_4b_gen	-0.96575371	4	1.2513231	-0.46916951	1.251279	-0.46911453	1.45	1	0.3702673	0.39302915	0.37025395	0.3930211	0.99808175	-0.96575371	nan	nan	nan	nan	nan	0.99436559	-0.6729869	nan	nan	nan	nan	-6.0393657	R0:N6:S0:1	0.99436559	20a4d9d	v2.1.5	general_bath_1D.py	2023-07-27@14:26
2L_4b_gen	-0.96421493	4	1.2304247	-0.46234385	1.2304426	-0.46232324	1.45	1	0.36778122	0.39122373	0.3677789	0.39122028	0.99881767	-0.96421493	nan	nan	nan	nan	nan	0.99440631	-0.67066655	nan	nan	nan	nan	-6.0099211	R0:N6:S0:1	0.99440631	20a4d9d	v2.1.5	general_bath_1D.py	2023-07-27@14:26
2L_4b_gen	-0.96258541	4	1.2195985	-0.44825158	1.2196791	-0.44823196	1.45	1	0.36647506	0.38953282	0.36648041	0.3895322	0.99826453	-0.96258541	nan	nan	nan	nan	nan	0.99375595	-0.66999439	nan	nan	nan	nan	-5.9525471	R0:N6:S0:1	0.99375595	20a4d9d	v2.1.5	general_bath_1D.py	2023-07-27@14:27
2L_4b_gen	-0.96179723	4	1.316102	-0.49593323	1.3160166	-0.49591833	1.45	1	0.37817834	0.39844136	0.37816551	0.3984399	0.99914732	-0.96179723	nan	nan	nan	nan	nan	0.99555389	-0.67048886	nan	nan	nan	nan	-6.152893	R0:N6:S0:1	0.99555389	20a4d9d	v2.1.5	general_bath_1D.py	2023-07-27@14:28
2L_4b_gen	-0.96383022	4	1.2727724	-0.47316679	1.2728061	-0.47315929	1.45	1	0.37115823	0.39428968	0.37115959	0.39428759	0.99938184	-0.96383022	nan	nan	nan	nan	nan	0.9954156	-0.67210543	nan	nan	nan	nan	-6.0553011	R0:N6:S0:1	0.9954156	20a4d9d	v2.1.5	general_bath_1D.py	2023-07-27@14:29
2L_4b_gen	-0.96515608	4	1.2312157	-0.44736264	1.2311587	-0.44731783	1.45	1	0.3660452	0.38902417	0.36603167	0.38901486	1.0000816	-0.96515608	nan	nan	nan	nan	nan	0.99541823	-0.673092	nan	nan	nan	nan	-5.9466418	R0:N6:S0:1	0.99541823	20a4d9d	v2.1.5	general_bath_1D.py	2023-07-27@14:30
2L_4b_gen	-0.9622833	4	1.2638348	-0.46284444	1.2637416	-0.46281887	1.45	1	0.36973178	0.39233247	0.36971641	0.39233252	0.99811518	-0.9622833	nan	nan	nan	nan	nan	0.99461234	-0.67068551	nan	nan	nan	nan	-6.0118977	R0:N6:S0:1	0.99461234	20a4d9d	v2.1.5	general_bath_1D.py	2023-07-27@14:31
2L_4b_gen	-0.96318496	4	1.2695377	-0.47674454	1.2695301	-0.47671983	1.45	1	0.37188874	0.39429533	0.37188255	0.3942888	0.99859978	-0.96318496	nan	nan	nan	nan	nan	0.99466252	-0.67105114	nan	nan	nan	nan	-6.0704636	R0:N6:S0:1	0.99466252	20a4d9d	v2.1.5	general_bath_1D.py	2023-07-27@14:31
2L_4b_gen	-0.96335993	4	1.2302603	-0.44972266	1.2304837	-0.44968533	1.45	1	0.3667572	0.38944942	0.36677039	0.38945232	0.99913287	-0.96335993	nan	nan	nan	nan	nan	0.99487433	-0.67060086	nan	nan	nan	nan	-5.9573227	R0:N6:S0:1	0.99487433	20a4d9d	v2.1.5	general_bath_1D.py	2023-07-27@14:32
2L_4b_gen	-0.96114182	4	1.252245	-0.46586091	1.2522822	-0.46585727	1.45	1	0.36972554	0.39273752	0.36972044	0.39274246	0.99809829	-0.96114182	nan	nan	nan	nan	nan	0.9943367	-0.66873521	nan	nan	nan	nan	-6.0254687	R0:N6:S0:1	0.9943367	20a4d9d	v2.1.5	general_bath_1D.py	2023-07-27@14:33

model	omega	E_kin	E_pot	U	eb1_1	eb2_1	eb3_1	eb4_1	mu	t	tb1_1	tb2_1	tb3_1	tb4_1	ave_mu	ave_t	ave_U_1	ave_eb1_1	ave_eb2_1	ave_eb3_1	ave_eb4_1	ave_mu_1	ave_t_1	ave_tb1_1	ave_tb2_1	ave_tb3_1	ave_tb4_1	E0_1	sector_1	n_1	githash	version	script	time	
2L_4b_gen	1.0153854	-0.96114182	0.3893916	4	1.252245	-0.46586091	1.2522822	-0.46585727	1.45	1	0.36972554	0.39273752	0.36972044	0.39274246	0.99809829	-0.96114182	nan	nan	nan	nan	nan	0.9943367	-0.66873521	nan	nan	nan	nan	-6.0254687	R0:N6:S0:1	0.9943367	20a4d9d	v2.1.5	general_bath_1D.py	2023-07-27@14:33

model	E_kin	U	eb1_1	eb2_1	eb3_1	eb4_1	mu	t	tb1_1	tb2_1	tb3_1	tb4_1	ave_mu	ave_t	ave_U_1	ave_eb1_1	ave_eb2_1	ave_eb3_1	ave_eb4_1	ave_mu_1	ave_t_1	ave_tb1_1	ave_tb2_1	ave_tb3_1	ave_tb4_1	E0_1	sector_1	n_1	githash	version	script	time	
2L_4b_gen	-0.96187436	4	1.251902	-0.46907542	1.2519139	-0.46905373	1.55	1	0.37011276	0.39272886	0.37010862	0.39272632	1.0021315	-0.96187436	nan	nan	nan	nan	nan	1.0015123	-0.66997815	nan	nan	nan	nan	-6.2379424	R0:N6:S0:1	1.0015123	20a4d9d	v2.1.5	general_bath_1D.py	2023-07-27@14:34
2L_4b_gen	-0.96448804	4	1.3223898	-0.5579518	1.3224564	-0.55796697	1.55	1	0.38628149	0.40186696	0.38630109	0.40187407	0.9984794	-0.96448804	nan	nan	nan	nan	nan	0.99754079	-0.67344855	nan	nan	nan	nan	-6.6074427	R0:N6:S0:1	0.99754079	20a4d9d	v2.1.5	general_bath_1D.py	2023-07-27@14:35
2L_4b_gen	-0.96324764	4	1.3740517	-0.61220883	1.3741292	-0.61223081	1.55	1	0.39694357	0.4088118	0.3969544	0.40881666	0.99971409	-0.96324764	nan	nan	nan	nan	nan	0.99784058	-0.67232051	nan	nan	nan	nan	-6.8348297	R0:N6:S0:1	0.99784058	20a4d9d	v2.1.5	general_bath_1D.py	2023-07-27@14:36
2L_4b_gen	-0.96074486	4	1.3701927	-0.58885454	1.370233	-0.58884114	1.55	1	0.39452449	0.40593351	0.39453	0.40592965	0.99951355	-0.96074486	nan	nan	nan	nan	nan	0.99822524	-0.67051252	nan	nan	nan	nan	-6.7377622	R0:N6:S0:1	0.99822524	20a4d9d	v2.1.5	general_bath_1D.py	2023-07-27@14:37
2L_4b_gen	-0.96296184	4	1.3780114	-0.60527887	1.3778942	-0.60526296	1.55	1	0.3957581	0.40774122	0.39574041	0.40773419	1.0003584	-0.96296184	nan	nan	nan	nan	nan	0.99892216	-0.67277321	nan	nan	nan	nan	-6.8045848	R0:N6:S0:1	0.99892216	20a4d9d	v2.1.5	general_bath_1D.py	2023-07-27@14:38
2L_4b_gen	-0.9647989	4	1.3846109	-0.61215495	1.384329	-0.61213708	1.55	1	0.39671833	0.40927056	0.39668068	0.40926249	0.9988764	-0.9647989	nan	nan	nan	nan	nan	0.99763784	-0.67418119	nan	nan	nan	nan	-6.8337309	R0:N6:S0:1	0.99763784	20a4d9d	v2.1.5	general_bath_1D.py	2023-07-27@14:39
2L_4b_gen	-0.96285021	4	1.3714953	-0.60492991	1.3715481	-0.60492724	1.55	1	0.39572089	0.40790816	0.39571686	0.40791061	0.99868262	-0.96285021	nan	nan	nan	nan	nan	0.99723437	-0.67223865	nan	nan	nan	nan	-6.8041432	R0:N6:S0:1	0.99723437	20a4d9d	v2.1.5	general_bath_1D.py	2023-07-27@14:40
2L_4b_gen	-0.96631193	4	1.3721382	-0.60025464	1.3722566	-0.60025832	1.55	1	0.39573205	0.40690078	0.39574508	0.40690004	1.0002249	-0.96631193	nan	nan	nan	nan	nan	0.99876606	-0.67550403	nan	nan	nan	nan	-6.7846658	R0:N6:S0:1	0.99876606	20a4d9d	v2.1.5	general_bath_1D.py	2023-07-27@14:41
2L_4b_gen	-0.96236933	4	1.3775195	-0.60887748	1.3773439	-0.60886422	1.55	1	0.39636125	0.40885043	0.39634054	0.4088434	0.99991381	-0.96236933	nan	nan	nan	nan	nan	0.9983719	-0.67191684	nan	nan	nan	nan	-6.8207404	R0:N6:S0:1	0.9983719	20a4d9d	v2.1.5	general_bath_1D.py	2023-07-27@14:42
2L_4b_gen	-0.96374442	4	1.3778516	-0.60197548	1.3778754	-0.60199883	1.55	1	0.39579514	0.40773433	0.3958017	0.40774187	0.99962534	-0.96374442	nan	nan	nan	nan	nan	0.99848108	-0.67355602	nan	nan	nan	nan	-6.7918062	R0:N6:S0:1	0.99848108	20a4d9d	v2.1.5	general_bath_1D.py	2023-07-27@14:42
2L_4b_gen	-0.96379759	4	1.4163912	-0.64402398	1.4165024	-0.64402723	1.55	1	0.40257128	0.41447864	0.40259506	0.41448428	0.99916702	-0.96379759	nan	nan	nan	nan	nan	0.99831126	-0.67399255	nan	nan	nan	nan	-6.9680584	R0:N6:S0:1	0.99831126	20a4d9d	v2.1.5	general_bath_1D.py	2023-07-27@14:43
2L_4b_gen	-0.96293927	4	1.4291066	-0.67066606	1.4290945	-0.67068432	1.55	1	0.4056749	0.41834093	0.40566885	0.41833826	1.0000923	-0.96293927	nan	nan	nan	nan	nan	0.99846218	-0.6732849	nan	nan	nan	nan	-7.0784914	R0:N6:S0:1	0.99846218	20a4d9d	v2.1.5	general_bath_1D.py	2023-07-27@14:44
2L_4b_gen	-0.9609151	4	1.4606648	-0.67394674	1.4608049	-0.67395426	1.55	1	0.40847571	0.41981019	0.40849577	0.41981405	1.0005279	-0.9609151	nan	nan	nan	nan	nan	0.99900311	-0.67145583	nan	nan	nan	nan	-7.0937203	R0:N6:S0:1	0.99900311	20a4d9d	v2.1.5	general_bath_1D.py	2023-07-27@14:45
2L_4b_gen	-0.96051434	4	1.4140166	-0.61718871	1.4141079	-0.61718884	1.55	1	0.39951599	0.41064146	0.39953119	0.41064292	0.99955246	-0.96051434	nan	nan	nan	nan	nan	0.9989337	-0.6714169	nan	nan	nan	nan	-6.8554103	R0:N6:S0:1	0.9989337	20a4d9d	v2.1.5	general_bath_1D.py	2023-07-27@14:46
2L_4b_gen	-0.95927923	4	1.4290872	-0.66253737	1.4290513	-0.66252363	1.55	1	0.40434314	0.41726803	0.40433965	0.4172665	0.99916853	-0.95927923	nan	nan	nan	nan	nan	0.99784312	-0.67015705	nan	nan	nan	nan	-7.0443916	R0:N6:S0:1	0.99784312	20a4d9d	v2.1.5	general_bath_1D.py	2023-07-27@14:47
2L_4b_gen	-0.96310786	4	1.4603046	-0.67508892	1.4603027	-0.67503855	1.55	1	0.40843177	0.41920834	0.40841896	0.41918666	1.0001375	-0.96310786	nan	nan	nan	nan	nan	0.99891855	-0.67409444	nan	nan	nan	nan	-7.0972971	R0:N6:S0:1	0.99891855	20a4d9d	v2.1.5	general_bath_1D.py	2023-07-27@14:48
2L_4b_gen	-0.96231567	4	1.4670777	-0.67661804	1.4666768	-0.67646123	1.55	1	0.40900697	0.42002448	0.40894807	0.41997992	0.99995889	-0.96231567	nan	nan	nan	nan	nan	0.99883978	-0.67316974	nan	nan	nan	nan	-7.1040213	R0:N6:S0:1	0.99883978	20a4d9d	v2.1.5	general_bath_1D.py	2023-07-27@14:48
2L_4b_gen	-0.96120876	4	1.4573048	-0.66681335	1.4572966	-0.66679495	1.55	1	0.40747195	0.41852153	0.40747035	0.4185149	1.0003794	-0.96120876	nan	nan	nan	nan	nan	0.9992715	-0.67198966	nan	nan	nan	nan	-7.0634092	R0:N6:S0:1	0.9992715	20a4d9d	v2.1.5	general_bath_1D.py	2023-07-27@14:49

model	omega	E_kin	E_pot	U	eb1_1	eb2_1	eb3_1	eb4_1	mu	t	tb1_1	tb2_1	tb3_1	tb4_1	ave_mu	ave_t	ave_U_1	ave_eb1_1	ave_eb2_1	ave_eb3_1	ave_eb4_1	ave_mu_1	ave_t_1	ave_tb1_1	ave_tb2_1	ave_tb3_1	ave_tb4_1	E0_1	sector_1	n_1	githash	version	script	time	
2L_4b_gen	1.4342945	-0.96120876	0.34273496	4	1.4573048	-0.66681335	1.4572966	-0.66679495	1.55	1	0.40747195	0.41852153	0.40747035	0.4185149	1.0003794	-0.96120876	nan	nan	nan	nan	nan	0.9992715	-0.67198966	nan	nan	nan	nan	-7.0634092	R0:N6:S0:1	0.9992715	20a4d9d	v2.1.5	general_bath_1D.py	2023-07-27@14:49

model	E_kin	U	eb1_1	eb2_1	eb3_1	eb4_1	mu	t	tb1_1	tb2_1	tb3_1	tb4_1	ave_mu	ave_t	ave_U_1	ave_eb1_1	ave_eb2_1	ave_eb3_1	ave_eb4_1	ave_mu_1	ave_t_1	ave_tb1_1	ave_tb2_1	ave_tb3_1	ave_tb4_1	E0_1	sector_1	n_1	githash	version	script	time	
2L_4b_gen	-0.96274226	4	1.4553103	-0.66700575	1.4549634	-0.66695067	1.65	1	0.40722062	0.41872212	0.40717211	0.41870529	1.0003856	-0.96274226	nan	nan	nan	nan	nan	1.0027003	-0.67290951	nan	nan	nan	nan	-7.2644675	R0:N6:S0:1	1.0027003	20a4d9d	v2.1.5	general_bath_1D.py	2023-07-27@14:50
2L_4b_gen	-0.96609093	4	1.3830273	-0.69636705	1.3830571	-0.69634705	1.65	1	0.40752625	0.4132113	0.40752864	0.41320803	0.99978848	-0.96609093	nan	nan	nan	nan	nan	1.0000086	-0.67636968	nan	nan	nan	nan	-7.3797896	R0:N6:S0:1	1.0000086	20a4d9d	v2.1.5	general_bath_1D.py	2023-07-27@14:51
2L_4b_gen	-0.96734311	4	1.4348274	-0.77861634	1.4348194	-0.77861259	1.65	1	0.41878336	0.42436851	0.41877953	0.42436892	0.99814289	-0.96734311	nan	nan	nan	nan	nan	0.9981425	-0.67708126	nan	nan	nan	nan	-7.7215993	R0:N6:S0:1	0.9981425	20a4d9d	v2.1.5	general_bath_1D.py	2023-07-27@14:52
2L_4b_gen	-0.96581872	4	1.4216967	-0.7886581	1.4217132	-0.78867858	1.65	1	0.41938532	0.42530773	0.41938751	0.42531367	0.9993662	-0.96581872	nan	nan	nan	nan	nan	0.99871858	-0.67544419	nan	nan	nan	nan	-7.7645653	R0:N6:S0:1	0.99871858	20a4d9d	v2.1.5	general_bath_1D.py	2023-07-27@14:53
2L_4b_gen	-0.96483244	4	1.4431951	-0.79871003	1.4431897	-0.79871825	1.65	1	0.42181542	0.42700503	0.4218135	0.42701027	0.99887199	-0.96483244	nan	nan	nan	nan	nan	0.99845524	-0.67482146	nan	nan	nan	nan	-7.8061364	R0:N6:S0:1	0.99845524	20a4d9d	v2.1.5	general_bath_1D.py	2023-07-27@14:54
2L_4b_gen	-0.96186272	4	1.4346924	-0.79177595	1.4344846	-0.79172429	1.65	1	0.42046549	0.42551101	0.42043487	0.42549558	0.99897509	-0.96186272	nan	nan	nan	nan	nan	0.99876809	-0.67220713	nan	nan	nan	nan	-7.776766	R0:N6:S0:1	0.99876809	20a4d9d	v2.1.5	general_bath_1D.py	2023-07-27@14:55
2L_4b_gen	-0.96613204	4	1.4229835	-0.80029277	1.423013	-0.80030012	1.65	1	0.41938686	0.42623137	0.41938238	0.4262301	0.99914083	-0.96613204	nan	nan	nan	nan	nan	0.99838626	-0.67606931	nan	nan	nan	nan	-7.8105287	R0:N6:S0:1	0.99838626	20a4d9d	v2.1.5	general_bath_1D.py	2023-07-27@14:55
2L_4b_gen	-0.96143851	4	1.4404133	-0.79949759	1.4404019	-0.79951617	1.65	1	0.42140961	0.42694141	0.42141789	0.42694157	0.999422	-0.96143851	nan	nan	nan	nan	nan	0.99905821	-0.67207288	nan	nan	nan	nan	-7.8093406	R0:N6:S0:1	0.99905821	20a4d9d	v2.1.5	general_bath_1D.py	2023-07-27@14:56
2L_4b_gen	-0.96591924	4	1.4390375	-0.80416339	1.4388901	-0.80409457	1.65	1	0.42092298	0.42680412	0.42089667	0.42678958	0.99909871	-0.96591924	nan	nan	nan	nan	nan	0.99847523	-0.67571464	nan	nan	nan	nan	-7.8267612	R0:N6:S0:1	0.99847523	20a4d9d	v2.1.5	general_bath_1D.py	2023-07-27@14:57
2L_4b_gen	-0.96407805	4	1.388242	-0.749115	1.3881734	-0.74913155	1.65	1	0.41294531	0.41890327	0.41293711	0.41890259	1.0005651	-0.96407805	nan	nan	nan	nan	nan	0.99992077	-0.67373325	nan	nan	nan	nan	-7.5983072	R0:N6:S0:1	0.99992077	20a4d9d	v2.1.5	general_bath_1D.py	2023-07-27@14:58
2L_4b_gen	-0.96399065	4	1.4379565	-0.79196126	1.4380164	-0.7919845	1.65	1	0.42043755	0.42651314	0.42045703	0.42651662	0.9995719	-0.96399065	nan	nan	nan	nan	nan	0.99909285	-0.67448906	nan	nan	nan	nan	-7.7785313	R0:N6:S0:1	0.99909285	20a4d9d	v2.1.5	general_bath_1D.py	2023-07-27@14:59
2L_4b_gen	-0.96759653	4	1.4496223	-0.7991554	1.4495363	-0.79911904	1.65	1	0.42154731	0.42675488	0.42153227	0.42674294	0.99965754	-0.96759653	nan	nan	nan	nan	nan	0.99934355	-0.67754258	nan	nan	nan	nan	-7.8069026	R0:N6:S0:1	0.99934355	20a4d9d	v2.1.5	general_bath_1D.py	2023-07-27@15:00
2L_4b_gen	-0.9663031	4	1.4138283	-0.77764706	1.4138033	-0.77763707	1.65	1	0.41721817	0.42390505	0.41721708	0.42390237	0.99930811	-0.9663031	nan	nan	nan	nan	nan	0.99864057	-0.6760791	nan	nan	nan	nan	-7.7180345	R0:N6:S0:1	0.99864057	20a4d9d	v2.1.5	general_bath_1D.py	2023-07-27@15:01
2L_4b_gen	-0.96642168	4	1.432489	-0.77882992	1.4324196	-0.77881584	1.65	1	0.41926402	0.42384288	0.41925429	0.4238379	0.99943546	-0.96642168	nan	nan	nan	nan	nan	0.99911557	-0.67668193	nan	nan	nan	nan	-7.7231938	R0:N6:S0:1	0.99911557	20a4d9d	v2.1.5	general_bath_1D.py	2023-07-27@15:01
2L_4b_gen	-0.96592697	4	1.435774	-0.79395946	1.4357706	-0.79393898	1.65	1	0.42020706	0.42594918	0.42020369	0.42594033	0.99959614	-0.96592697	nan	nan	nan	nan	nan	0.99871246	-0.67590423	nan	nan	nan	nan	-7.7854343	R0:N6:S0:1	0.99871246	20a4d9d	v2.1.5	general_bath_1D.py	2023-07-27@15:02
2L_4b_gen	-0.96612504	4	1.4186117	-0.75248308	1.4186282	-0.75249458	1.65	1	0.41593958	0.42000413	0.41594967	0.42000864	0.99862592	-0.96612504	nan	nan	nan	nan	nan	0.99916856	-0.67553162	nan	nan	nan	nan	-7.6132952	R0:N6:S0:1	0.99916856	20a4d9d	v2.1.5	general_bath_1D.py	2023-07-27@15:03
2L_4b_gen	-0.9651074	4	1.3904414	-0.79059338	1.3903739	-0.79058959	1.65	1	0.41632918	0.42527619	0.41631705	0.42527466	0.99871517	-0.9651074	nan	nan	nan	nan	nan	0.99782435	-0.6746225	nan	nan	nan	nan	-7.7715018	R0:N6:S0:1	0.99782435	20a4d9d	v2.1.5	general_bath_1D.py	2023-07-27@15:04
2L_4b_gen	-0.96479214	4	1.4363614	-0.80138035	1.436242	-0.80135097	1.65	1	0.42150616	0.42654795	0.42149198	0.42654114	0.99818515	-0.96479214	nan	nan	nan	nan	nan	0.99799005	-0.67451028	nan	nan	nan	nan	-7.8166551	R0:N6:S0:1	0.99799005	20a4d9d	v2.1.5	general_bath_1D.py	2023-07-27@15:05
2L_4b_gen	-0.96290404	4	1.4127479	-0.79812096	1.4128218	-0.79815695	1.65	1	0.41914344	0.42589012	0.41915712	0.42589579	0.99983278	-0.96290404	nan	nan	nan	nan	nan	0.99882876	-0.67350084	nan	nan	nan	nan	-7.8028306	R0:N6:S0:1	0.99882876	20a4d9d	v2.1.5	general_bath_1D.py	2023-07-27@15:06
2L_4b_gen	-0.96393797	4	1.436189	-0.80153411	1.4360853	-0.80150641	1.65	1	0.41953372	0.42666515	0.41951636	0.42665416	0.99950361	-0.96393797	nan	nan	nan	nan	nan	0.99891422	-0.67462257	nan	nan	nan	nan	-7.8146577	R0:N6:S0:1	0.99891422	20a4d9d	v2.1.5	general_bath_1D.py	2023-07-27@15:07

model	omega	E_kin	E_pot	U	eb1_1	eb2_1	eb3_1	eb4_1	mu	t	tb1_1	tb2_1	tb3_1	tb4_1	ave_mu	ave_t	ave_U_1	ave_eb1_1	ave_eb2_1	ave_eb3_1	ave_eb4_1	ave_mu_1	ave_t_1	ave_tb1_1	ave_tb2_1	ave_tb3_1	ave_tb4_1	E0_1	sector_1	n_1	githash	version	script	time	
2L_4b_gen	1.7101076	-0.96393797	0.28579576	4	1.436189	-0.80153411	1.4360853	-0.80150641	1.65	1	0.41953372	0.42666515	0.41951636	0.42665416	0.99950361	-0.96393797	nan	nan	nan	nan	nan	0.99891422	-0.67462257	nan	nan	nan	nan	-7.8146577	R0:N6:S0:1	0.99891422	20a4d9d	v2.1.5	general_bath_1D.py	2023-07-27@15:07

model	E_kin	U	eb1_1	eb2_1	eb3_1	eb4_1	mu	t	tb1_1	tb2_1	tb3_1	tb4_1	ave_mu	ave_t	ave_U_1	ave_eb1_1	ave_eb2_1	ave_eb3_1	ave_eb4_1	ave_mu_1	ave_t_1	ave_tb1_1	ave_tb2_1	ave_tb3_1	ave_tb4_1	E0_1	sector_1	n_1	githash	version	script	time	
2L_4b_gen	-0.96173087	4	1.4432877	-0.79839042	1.4434192	-0.79842575	1.75	1	0.4208344	0.42674706	0.4208512	0.42675703	1.0009952	-0.96173087	nan	nan	nan	nan	nan	1.0038406	-0.67219719	nan	nan	nan	nan	-8.0042282	R0:N6:S0:1	1.0038406	20a4d9d	v2.1.5	general_bath_1D.py	2023-07-27@15:08
2L_4b_gen	-0.96510227	4	1.3593899	-0.82913711	1.3593429	-0.82912947	1.75	1	0.41909598	0.42075548	0.41909266	0.42075441	0.99887144	-0.96510227	nan	nan	nan	nan	nan	0.99956203	-0.67539928	nan	nan	nan	nan	-8.1228375	R0:N6:S0:1	0.99956203	20a4d9d	v2.1.5	general_bath_1D.py	2023-07-27@15:09
2L_4b_gen	-0.96366586	4	1.3970914	-0.90082328	1.3970503	-0.90080683	1.75	1	0.42862591	0.4295917	0.42862222	0.42958757	0.99861565	-0.96366586	nan	nan	nan	nan	nan	0.99883085	-0.67428022	nan	nan	nan	nan	-8.4205713	R0:N6:S0:1	0.99883085	20a4d9d	v2.1.5	general_bath_1D.py	2023-07-27@15:09
2L_4b_gen	-0.9632541	4	1.3966283	-0.92106565	1.3965855	-0.92104132	1.75	1	0.42976515	0.43150451	0.42975055	0.43149585	0.99851556	-0.9632541	nan	nan	nan	nan	nan	0.99876524	-0.67355579	nan	nan	nan	nan	-8.5032179	R0:N6:S0:1	0.99876524	20a4d9d	v2.1.5	general_bath_1D.py	2023-07-27@15:10
2L_4b_gen	-0.9640068	4	1.3676639	-0.92309216	1.3677969	-0.92314058	1.75	1	0.42729546	0.43125666	0.42731456	0.43127008	0.99773901	-0.9640068	nan	nan	nan	nan	nan	0.99765617	-0.67391701	nan	nan	nan	nan	-8.5109087	R0:N6:S0:1	0.99765617	20a4d9d	v2.1.5	general_bath_1D.py	2023-07-27@15:11
2L_4b_gen	-0.96197262	4	1.3638929	-0.92498492	1.3639388	-0.92498685	1.75	1	0.42747816	0.43116497	0.42748219	0.43116254	0.99771382	-0.96197262	nan	nan	nan	nan	nan	0.99714362	-0.67228163	nan	nan	nan	nan	-8.5186463	R0:N6:S0:1	0.99714362	20a4d9d	v2.1.5	general_bath_1D.py	2023-07-27@15:12
2L_4b_gen	-0.96477587	4	1.3971096	-0.9295706	1.3971303	-0.92959784	1.75	1	0.43083728	0.4320385	0.43084243	0.43204676	0.9986399	-0.96477587	nan	nan	nan	nan	nan	0.99832495	-0.67506393	nan	nan	nan	nan	-8.5382998	R0:N6:S0:1	0.99832495	20a4d9d	v2.1.5	general_bath_1D.py	2023-07-27@15:13
2L_4b_gen	-0.96483548	4	1.3988365	-0.92592102	1.3989101	-0.92610096	1.75	1	0.43071656	0.43232113	0.43073542	0.43236051	0.99853971	-0.96483548	nan	nan	nan	nan	nan	0.99833088	-0.67507833	nan	nan	nan	nan	-8.5244535	R0:N6:S0:1	0.99833088	20a4d9d	v2.1.5	general_bath_1D.py	2023-07-27@15:14
2L_4b_gen	-0.96920536	4	1.3967624	-0.91988849	1.3970104	-0.91999343	1.75	1	0.43016319	0.43143054	0.43020691	0.43145768	0.99258851	-0.96920536	nan	nan	nan	nan	nan	0.99388585	-0.67791272	nan	nan	nan	nan	-8.499262	R0:N6:S0:1	0.99388585	20a4d9d	v2.1.5	general_bath_1D.py	2023-07-27@15:15
2L_4b_gen	-0.96382836	4	1.2920894	-0.87151446	1.292081	-0.87149463	1.75	1	0.42020788	0.42081447	0.42020638	0.42081237	0.99958176	-0.96382836	nan	nan	nan	nan	nan	0.99828734	-0.67292691	nan	nan	nan	nan	-8.2962575	R0:N6:S0:1	0.99828734	20a4d9d	v2.1.5	general_bath_1D.py	2023-07-27@15:16
2L_4b_gen	-0.96423265	4	1.3803357	-0.92007202	1.3802539	-0.92002944	1.75	1	0.42880048	0.43138785	0.42877995	0.43138282	0.9977967	-0.96423265	nan	nan	nan	nan	nan	0.99792169	-0.67418945	nan	nan	nan	nan	-8.4996448	R0:N6:S0:1	0.99792169	20a4d9d	v2.1.5	general_bath_1D.py	2023-07-27@15:16
2L_4b_gen	-0.96597009	4	1.3660228	-0.92599951	1.366103	-0.92597846	1.75	1	0.42766976	0.43124576	0.42767982	0.43124544	0.99884771	-0.96597009	nan	nan	nan	nan	nan	0.99757189	-0.67414123	nan	nan	nan	nan	-8.5227217	R0:N6:S0:1	0.99757189	20a4d9d	v2.1.5	general_bath_1D.py	2023-07-27@15:17
2L_4b_gen	-0.96278619	4	1.3122499	-0.80247073	1.3121954	-0.80246643	1.75	1	0.41693779	0.41600938	0.41692888	0.41600699	1.0003094	-0.96278619	nan	nan	nan	nan	nan	1.0006866	-0.67143905	nan	nan	nan	nan	-8.0153077	R0:N6:S0:1	1.0006866	20a4d9d	v2.1.5	general_bath_1D.py	2023-07-27@15:18
2L_4b_gen	-0.96566659	4	1.3584008	-0.89575029	1.3585091	-0.89575578	1.75	1	0.42484007	0.42914111	0.42485303	0.42914326	0.99970678	-0.96566659	nan	nan	nan	nan	nan	0.99937714	-0.67544885	nan	nan	nan	nan	-8.3996161	R0:N6:S0:1	0.99937714	20a4d9d	v2.1.5	general_bath_1D.py	2023-07-27@15:19
2L_4b_gen	-0.96290849	4	1.3958375	-0.91783227	1.3958678	-0.91783808	1.75	1	0.42948022	0.4318454	0.42947742	0.43184511	0.99810085	-0.96290849	nan	nan	nan	nan	nan	0.99814343	-0.67356144	nan	nan	nan	nan	-8.4907561	R0:N6:S0:1	0.99814343	20a4d9d	v2.1.5	general_bath_1D.py	2023-07-27@15:20
2L_4b_gen	-0.96496265	4	1.3998893	-0.92556528	1.3998955	-0.92551983	1.75	1	0.43059492	0.43168363	0.43058944	0.43167179	0.99904041	-0.96496265	nan	nan	nan	nan	nan	0.99884668	-0.67529689	nan	nan	nan	nan	-8.5215825	R0:N6:S0:1	0.99884668	20a4d9d	v2.1.5	general_bath_1D.py	2023-07-27@15:21
2L_4b_gen	-0.96581151	4	1.399469	-0.92736074	1.3994835	-0.92739655	1.75	1	0.43073582	0.43268043	0.43073812	0.43268914	0.99831304	-0.96581151	nan	nan	nan	nan	nan	0.99851573	-0.67562671	nan	nan	nan	nan	-8.5301899	R0:N6:S0:1	0.99851573	20a4d9d	v2.1.5	general_bath_1D.py	2023-07-27@15:22
2L_4b_gen	-0.96430187	4	1.367098	-0.92100825	1.3671093	-0.92101868	1.75	1	0.42759764	0.43118562	0.42759629	0.4311848	0.99701133	-0.96430187	nan	nan	nan	nan	nan	0.99705005	-0.67397311	nan	nan	nan	nan	-8.5029324	R0:N6:S0:1	0.99705005	20a4d9d	v2.1.5	general_bath_1D.py	2023-07-27@15:23

model	omega	E_kin	E_pot	U	eb1_1	eb2_1	eb3_1	eb4_1	mu	t	tb1_1	tb2_1	tb3_1	tb4_1	ave_mu	ave_t	ave_U_1	ave_eb1_1	ave_eb2_1	ave_eb3_1	ave_eb4_1	ave_mu_1	ave_t_1	ave_tb1_1	ave_tb2_1	ave_tb3_1	ave_tb4_1	E0_1	sector_1	n_1	githash	version	script	time	
2L_4b_gen	1.9541069	-0.96430187	0.41138819	4	1.367098	-0.92100825	1.3671093	-0.92101868	1.75	1	0.42759764	0.43118562	0.42759629	0.4311848	0.99701133	-0.96430187	nan	nan	nan	nan	nan	0.99705005	-0.67397311	nan	nan	nan	nan	-8.5029324	R0:N6:S0:1	0.99705005	20a4d9d	v2.1.5	general_bath_1D.py	2023-07-27@15:23

model	E_kin	U	eb1_1	eb2_1	eb3_1	eb4_1	mu	t	tb1_1	tb2_1	tb3_1	tb4_1	ave_mu	ave_t	ave_U_1	ave_eb1_1	ave_eb2_1	ave_eb3_1	ave_eb4_1	ave_mu_1	ave_t_1	ave_tb1_1	ave_tb2_1	ave_tb3_1	ave_tb4_1	E0_1	sector_1	n_1	githash	version	script	time	
2L_4b_gen	-0.9610742	4	1.3601542	-0.92505655	1.3600308	-0.924973	1.85	1	0.42756081	0.43081194	0.42753841	0.43079305	1.0023919	-0.9610742	nan	nan	nan	nan	nan	1.0047268	-0.67135902	nan	nan	nan	nan	-8.7190834	R0:N6:S0:1	1.0047268	20a4d9d	v2.1.5	general_bath_1D.py	2023-07-27@15:24
2L_4b_gen	-0.96181567	4	1.3433689	-1.0021524	1.3433029	-1.0021039	1.85	1	0.43288479	0.4337235	0.43287014	0.43371774	0.99948651	-0.96181567	nan	nan	nan	nan	nan	1.00029	-0.67237889	nan	nan	nan	nan	-9.0311363	R0:N6:S0:1	1.00029	20a4d9d	v2.1.5	general_bath_1D.py	2023-07-27@15:25
2L_4b_gen	-0.96697627	4	1.3327449	-1.0276993	1.3327615	-1.0277308	1.85	1	0.43448432	0.43483127	0.43448509	0.43483503	1.000152	-0.96697627	nan	nan	nan	nan	nan	0.99942818	-0.67580643	nan	nan	nan	nan	-9.1352172	R0:N6:S0:1	0.99942818	20a4d9d	v2.1.5	general_bath_1D.py	2023-07-27@15:25
2L_4b_gen	-0.96526345	4	1.2976765	-0.93352074	1.2977202	-0.93351253	1.85	1	0.42824026	0.42373379	0.42823994	0.42373024	0.99886713	-0.96526345	nan	nan	nan	nan	nan	1.0000311	-0.67405214	nan	nan	nan	nan	-8.7504978	R0:N6:S0:1	1.0000311	20a4d9d	v2.1.5	general_bath_1D.py	2023-07-27@15:26
2L_4b_gen	-0.96202406	4	1.2914095	-1.007898	1.2914117	-1.0078454	1.85	1	0.43039474	0.4320406	0.43039484	0.43203134	0.99945954	-0.96202406	nan	nan	nan	nan	nan	0.9994529	-0.6717847	nan	nan	nan	nan	-9.0536924	R0:N6:S0:1	0.9994529	20a4d9d	v2.1.5	general_bath_1D.py	2023-07-27@15:27
2L_4b_gen	-0.96509086	4	1.3203113	-1.0341547	1.3201928	-1.0341623	1.85	1	0.43427777	0.43492645	0.43426679	0.43493031	0.99902998	-0.96509086	nan	nan	nan	nan	nan	0.99899067	-0.67515872	nan	nan	nan	nan	-9.1614452	R0:N6:S0:1	0.99899067	20a4d9d	v2.1.5	general_bath_1D.py	2023-07-27@15:28
2L_4b_gen	-0.96586796	4	1.3262089	-1.0380849	1.3261989	-1.0380266	1.85	1	0.43524116	0.43549108	0.43523769	0.43548325	0.99893034	-0.96586796	nan	nan	nan	nan	nan	0.99893714	-0.67597662	nan	nan	nan	nan	-9.1778911	R0:N6:S0:1	0.99893714	20a4d9d	v2.1.5	general_bath_1D.py	2023-07-27@15:29
2L_4b_gen	-0.96503813	4	1.3271973	-1.0411562	1.3272063	-1.0410817	1.85	1	0.43551966	0.43575539	0.4355157	0.43574601	0.99979999	-0.96503813	nan	nan	nan	nan	nan	0.99971244	-0.67526055	nan	nan	nan	nan	-9.1903569	R0:N6:S0:1	0.99971244	20a4d9d	v2.1.5	general_bath_1D.py	2023-07-27@15:30
2L_4b_gen	-0.96431967	4	1.328426	-1.0427553	1.3280898	-1.0426698	1.85	1	0.43533344	0.43619338	0.43528005	0.43616455	0.99920663	-0.96431967	nan	nan	nan	nan	nan	0.9991719	-0.67470624	nan	nan	nan	nan	-9.1967762	R0:N6:S0:1	0.9991719	20a4d9d	v2.1.5	general_bath_1D.py	2023-07-27@15:31
2L_4b_gen	-0.96498056	4	1.3292951	-1.0421389	1.3293817	-1.042171	1.85	1	0.43543301	0.43586729	0.43545243	0.43587631	0.99894423	-0.96498056	nan	nan	nan	nan	nan	0.99894066	-0.67516585	nan	nan	nan	nan	-9.1942621	R0:N6:S0:1	0.99894066	20a4d9d	v2.1.5	general_bath_1D.py	2023-07-27@15:32
2L_4b_gen	-0.96603165	4	1.3278531	-1.0412494	1.3279532	-1.0413285	1.85	1	0.43561624	0.43581925	0.43563217	0.43583213	0.99896744	-0.96603165	nan	nan	nan	nan	nan	0.99897473	-0.67591791	nan	nan	nan	nan	-9.1907359	R0:N6:S0:1	0.99897473	20a4d9d	v2.1.5	general_bath_1D.py	2023-07-27@15:33
2L_4b_gen	-0.9653522	4	1.3212282	-1.0392498	1.3212568	-1.039257	1.85	1	0.43497315	0.43562069	0.43497078	0.43562437	0.99893391	-0.9653522	nan	nan	nan	nan	nan	0.99885936	-0.67531308	nan	nan	nan	nan	-9.1829046	R0:N6:S0:1	0.99885936	20a4d9d	v2.1.5	general_bath_1D.py	2023-07-27@15:34
2L_4b_gen	-0.9657943	4	1.326384	-1.0408915	1.3264376	-1.0409689	1.85	1	0.43554397	0.43574999	0.43555784	0.43576378	0.99859872	-0.9657943	nan	nan	nan	nan	nan	0.99853159	-0.67587729	nan	nan	nan	nan	-9.1897394	R0:N6:S0:1	0.99853159	20a4d9d	v2.1.5	general_bath_1D.py	2023-07-27@15:35
2L_4b_gen	-0.96563728	4	1.3279087	-1.0404701	1.3278377	-1.0404356	1.85	1	0.43563714	0.43566775	0.43562626	0.43565706	0.99883994	-0.96563728	nan	nan	nan	nan	nan	0.99881833	-0.67581981	nan	nan	nan	nan	-9.1877367	R0:N6:S0:1	0.99881833	20a4d9d	v2.1.5	general_bath_1D.py	2023-07-27@15:36
2L_4b_gen	-0.96511528	4	1.3274971	-1.0419147	1.3274152	-1.041875	1.85	1	0.43556889	0.43579473	0.43555359	0.43578551	0.99960517	-0.96511528	nan	nan	nan	nan	nan	0.99948111	-0.67537016	nan	nan	nan	nan	-9.1934908	R0:N6:S0:1	0.99948111	20a4d9d	v2.1.5	general_bath_1D.py	2023-07-27@15:37
2L_4b_gen	-0.9669816	4	1.328918	-1.0419351	1.3287712	-1.0418255	1.85	1	0.4353306	0.43610253	0.43530315	0.43608574	0.99959033	-0.9669816	nan	nan	nan	nan	nan	0.99954069	-0.67704735	nan	nan	nan	nan	-9.1933406	R0:N6:S0:1	0.99954069	20a4d9d	v2.1.5	general_bath_1D.py	2023-07-27@15:38
2L_4b_gen	-0.96601005	4	1.3281812	-1.0402053	1.3281733	-1.0402263	1.85	1	0.43538897	0.43604928	0.43538672	0.43605343	0.99901338	-0.96601005	nan	nan	nan	nan	nan	0.9990122	-0.67604192	nan	nan	nan	nan	-9.1869979	R0:N6:S0:1	0.9990122	20a4d9d	v2.1.5	general_bath_1D.py	2023-07-27@15:39

model	omega	E_kin	E_pot	U	eb1_1	eb2_1	eb3_1	eb4_1	mu	t	tb1_1	tb2_1	tb3_1	tb4_1	ave_mu	ave_t	ave_U_1	ave_eb1_1	ave_eb2_1	ave_eb3_1	ave_eb4_1	ave_mu_1	ave_t_1	ave_tb1_1	ave_tb2_1	ave_tb3_1	ave_tb4_1	E0_1	sector_1	n_1	githash	version	script	time	
2L_4b_gen	2.1960701	-0.96601005	0.30903163	4	1.3281812	-1.0402053	1.3281733	-1.0402263	1.85	1	0.43538897	0.43604928	0.43538672	0.43605343	0.99901338	-0.96601005	nan	nan	nan	nan	nan	0.9990122	-0.67604192	nan	nan	nan	nan	-9.1869979	R0:N6:S0:1	0.9990122	20a4d9d	v2.1.5	general_bath_1D.py	2023-07-27@15:39

model	E_kin	U	eb1_1	eb2_1	eb3_1	eb4_1	mu	t	tb1_1	tb2_1	tb3_1	tb4_1	ave_mu	ave_t	ave_U_1	ave_eb1_1	ave_eb2_1	ave_eb3_1	ave_eb4_1	ave_mu_1	ave_t_1	ave_tb1_1	ave_tb2_1	ave_tb3_1	ave_tb4_1	E0_1	sector_1	n_1	githash	version	script	time	
2L_4b_gen	-0.9605578	4	1.3287473	-1.0408084	1.3281865	-1.0406312	2	1	0.43566013	0.43596092	0.43557035	0.43591147	1.0018709	-0.9605578	nan	nan	nan	nan	nan	1.0064991	-0.67107857	nan	nan	nan	nan	-9.489998	R0:N6:S0:1	1.0064991	20a4d9d	v2.1.5	general_bath_1D.py	2023-07-27@15:40
2L_4b_gen	-0.9628648	4	1.2383296	-1.1487336	1.2383121	-1.1487937	2	1	0.4376725	0.43589489	0.437671	0.43589947	1.0002189	-0.9628648	nan	nan	nan	nan	nan	1.0015659	-0.67347823	nan	nan	nan	nan	-9.9219558	R0:N6:S0:1	1.0015659	20a4d9d	v2.1.5	general_bath_1D.py	2023-07-27@15:41
2L_4b_gen	-0.96699734	4	1.20789	-1.1810555	1.2078732	-1.1810097	2	1	0.43785527	0.43671981	0.43785195	0.43670996	1.0003288	-0.96699734	nan	nan	nan	nan	nan	0.99992186	-0.67600951	nan	nan	nan	nan	-10.051957	R0:N6:S0:1	0.99992186	20a4d9d	v2.1.5	general_bath_1D.py	2023-07-27@15:42
2L_4b_gen	-0.96356408	4	1.1806893	-1.1073116	1.180711	-1.1073006	2	1	0.43397746	0.42842061	0.43397463	0.42842112	0.9989674	-0.96356408	nan	nan	nan	nan	nan	1.0000405	-0.67249664	nan	nan	nan	nan	-9.7525111	R0:N6:S0:1	1.0000405	20a4d9d	v2.1.5	general_bath_1D.py	2023-07-27@15:43
2L_4b_gen	-0.96262346	4	1.1708819	-1.1687139	1.1709613	-1.1687676	2	1	0.43453487	0.43433252	0.43454476	0.43434446	0.99922167	-0.96262346	nan	nan	nan	nan	nan	0.99931119	-0.67267336	nan	nan	nan	nan	-10.000862	R0:N6:S0:1	0.99931119	20a4d9d	v2.1.5	general_bath_1D.py	2023-07-27@15:44
2L_4b_gen	-0.96744114	4	1.1932236	-1.1937956	1.193289	-1.1938816	2	1	0.43754709	0.43701835	0.4375565	0.43703343	0.99975282	-0.96744114	nan	nan	nan	nan	nan	0.99979034	-0.67728438	nan	nan	nan	nan	-10.103185	R0:N6:S0:1	0.99979034	20a4d9d	v2.1.5	general_bath_1D.py	2023-07-27@15:44
2L_4b_gen	-0.96760883	4	1.1931302	-1.1977275	1.1932727	-1.1977671	2	1	0.43809571	0.43805189	0.43811265	0.43805347	1.0000388	-0.96760883	nan	nan	nan	nan	nan	1.0000589	-0.67745539	nan	nan	nan	nan	-10.120507	R0:N6:S0:1	1.0000589	20a4d9d	v2.1.5	general_bath_1D.py	2023-07-27@15:45
2L_4b_gen	-0.96502205	4	1.1931168	-1.1994494	1.1932238	-1.1994854	2	1	0.43799819	0.43811704	0.43802065	0.43812634	0.99883087	-0.96502205	nan	nan	nan	nan	nan	0.99889075	-0.67502563	nan	nan	nan	nan	-10.127057	R0:N6:S0:1	0.99889075	20a4d9d	v2.1.5	general_bath_1D.py	2023-07-27@15:46
2L_4b_gen	-0.96334142	4	1.191711	-1.1978745	1.1916374	-1.1977931	2	1	0.43807711	0.43743746	0.43805842	0.43742123	0.99887821	-0.96334142	nan	nan	nan	nan	nan	0.99891238	-0.67379952	nan	nan	nan	nan	-10.120204	R0:N6:S0:1	0.99891238	20a4d9d	v2.1.5	general_bath_1D.py	2023-07-27@15:47
2L_4b_gen	-0.96324253	4	1.192897	-1.2009364	1.1928848	-1.2009712	2	1	0.43795038	0.43730835	0.43794942	0.43730945	0.99946925	-0.96324253	nan	nan	nan	nan	nan	0.99940326	-0.67368428	nan	nan	nan	nan	-10.131977	R0:N6:S0:1	0.99940326	20a4d9d	v2.1.5	general_bath_1D.py	2023-07-27@15:48
2L_4b_gen	-0.96489404	4	1.1922389	-1.1991437	1.1923167	-1.1992084	2	1	0.43772864	0.43746883	0.43774181	0.43747942	0.99967346	-0.96489404	nan	nan	nan	nan	nan	0.99932191	-0.67411122	nan	nan	nan	nan	-10.124645	R0:N6:S0:1	0.99932191	20a4d9d	v2.1.5	general_bath_1D.py	2023-07-27@15:49
2L_4b_gen	-0.96772188	4	1.1450405	-1.1250904	1.1450495	-1.1250923	2	1	0.43056394	0.42847254	0.43056359	0.4284714	0.99959522	-0.96772188	nan	nan	nan	nan	nan	0.99912187	-0.67565176	nan	nan	nan	nan	-9.8214234	R0:N6:S0:1	0.99912187	20a4d9d	v2.1.5	general_bath_1D.py	2023-07-27@15:50
2L_4b_gen	-0.96754844	4	1.1697063	-1.1076553	1.1696708	-1.1076385	2	1	0.43353668	0.42821793	0.43352929	0.42820839	0.99931147	-0.96754844	nan	nan	nan	nan	nan	0.99991871	-0.67589076	nan	nan	nan	nan	-9.7541481	R0:N6:S0:1	0.99991871	20a4d9d	v2.1.5	general_bath_1D.py	2023-07-27@15:51
2L_4b_gen	-0.96486975	4	1.1708378	-1.1457897	1.1708287	-1.1457771	2	1	0.4341759	0.43199114	0.43417133	0.43199137	0.99945072	-0.96486975	nan	nan	nan	nan	nan	1.0001685	-0.67380588	nan	nan	nan	nan	-9.9080898	R0:N6:S0:1	1.0001685	20a4d9d	v2.1.5	general_bath_1D.py	2023-07-27@15:52
2L_4b_gen	-0.96773415	4	1.1443473	-1.1751644	1.1443698	-1.1751159	2	1	0.43191549	0.4342514	0.43191931	0.4342506	0.99852048	-0.96773415	nan	nan	nan	nan	nan	0.99833685	-0.67687164	nan	nan	nan	nan	-10.024761	R0:N6:S0:1	0.99833685	20a4d9d	v2.1.5	general_bath_1D.py	2023-07-27@15:53
2L_4b_gen	-0.9679134	4	1.1812456	-1.1922984	1.1811254	-1.1921397	2	1	0.43732122	0.43675488	0.43730211	0.43672705	0.99854885	-0.9679134	nan	nan	nan	nan	nan	0.99853406	-0.67737606	nan	nan	nan	nan	-10.097611	R0:N6:S0:1	0.99853406	20a4d9d	v2.1.5	general_bath_1D.py	2023-07-27@15:54
2L_4b_gen	-0.96758452	4	1.1885536	-1.1979957	1.1885282	-1.1979532	2	1	0.43829753	0.43744991	0.43829322	0.43744124	0.99933932	-0.96758452	nan	nan	nan	nan	nan	0.99927072	-0.67731842	nan	nan	nan	nan	-10.121343	R0:N6:S0:1	0.99927072	20a4d9d	v2.1.5	general_bath_1D.py	2023-07-27@15:55

model	omega	E_kin	E_pot	U	eb1_1	eb2_1	eb3_1	eb4_1	mu	t	tb1_1	tb2_1	tb3_1	tb4_1	ave_mu	ave_t	ave_U_1	ave_eb1_1	ave_eb2_1	ave_eb3_1	ave_eb4_1	ave_mu_1	ave_t_1	ave_tb1_1	ave_tb2_1	ave_tb3_1	ave_tb4_1	E0_1	sector_1	n_1	githash	version	script	time	
2L_4b_gen	2.5132562	-0.96758452	0.25884204	4	1.1885536	-1.1979957	1.1885282	-1.1979532	2	1	0.43829753	0.43744991	0.43829322	0.43744124	0.99933932	-0.96758452	nan	nan	nan	nan	nan	0.99927072	-0.67731842	nan	nan	nan	nan	-10.121343	R0:N6:S0:1	0.99927072	20a4d9d	v2.1.5	general_bath_1D.py	2023-07-27@15:55
